1 0 0 -1 0 792 cm
0.75 0 0 0.75 0 0 cm
712 220.16 m
104 220.16 l
104 221.16 l
712 221.16 l
0.733333 0.733333 0.733333 rg
104 221.16 608 0 re
104 220.16 608 1 re
712 639.24 m
104 639.24 l
104 640.24 l
712 640.24 l
104 640.24 608 0 re
104 639.24 608 1 re
0 0 0 rg
1 0 0 -1 104 139.392012 Tm
[<0036>0<0044>0<004f>0<0048>0<0036>0<0046>0<0052>0<0058>0<0057>0<0003>0<0033>0<0055>20<0052>0<0047>0<0058>0<0046>0<0057>0<0003>0<0035>0<0048>0<0054>0<0058>0<004c>0<0055>20<0048>0<0050>0<0048>0<0051>0<0057>0<0056>0<0003>0<0027>0<0052>0<0046>0<0058>0<0050>0<0048>0<0051>0<0057>0<0003>0<000b>0<0033>0<0035>0<0027>0<000c>0] TJ
1 0 0 -1 104 177.81625 Tm
[<0039>20<0048>0<0055>0<0056>0<004c>0<0052>0<0051>0<001d>0] TJ
1 0 0 -1 152.455078 177.81625 Tm
[<0003>0<0015>0<0011>0<0013>0<0003>0] TJ
1 0 0 -1 175.639648 177.81625 Tm
[<0033>0<0055>19<0052>0<004d>0<0048>0<0046>0<0057>0<0003>0<0036>0<0057>0<0044>0<0057>0<0058>0<0056>0<001d>0] TJ
1 0 0 -1 262.603516 177.81625 Tm
[<0003>0<0030>0<0039>0<0033>0<0003>0<0033>0<004f>0<0044>0<0051>0<0051>0<004c>0<0051>0<004a>0<0003>0] TJ
1 0 0 -1 347.119141 177.81625 Tm
[<0033>0<004f>0<0044>0<0057>0<0049>0<0052>0<0055>0<0050>0<001d>0] TJ
1 0 0 -1 403.495117 177.81625 Tm
[<0003>0<004c>0<0032>0<0036>0<000f>0<0003>0<0024>0<0051>0<0047>0<0055>20<0052>0<004c>0<0047>0<000f>0<0003>0<003a>20<0048>0<0045>0<0003>0<0024>0<0047>0<0050>0<004c>0<0051>0<0003>0] TJ
1 0 0 -1 551.344727 177.81625 Tm
[<0039>0<004c>0<0056>0<004c>0<0052>0<0051>0<001d>0] TJ
1 0 0 -1 591.160156 177.81625 Tm
[<0003>0<0025>0<0058>0<004c>0<004f>0<0047>0<0003>0<0057>0<004b>0<0048>0<0003>0<005a>0<0052>0<0055>0<004f>0<0047>0<000a>30<0056>0] TJ
1 0 0 -1 104 195.81625 Tm
[<004f>0<0044>0<0055>10<004a>0<0048>0<0056>0<0057>0<0003>0<0024>0<002c>0<0010>0<0053>0<0052>20<005a>0<0048>0<0055>20<0048>0<0047>0<0003>0<0057>0<0055>20<0048>0<0044>0<0056>0<0058>0<0055>20<0048>0<0003>0<004b>0<0058>0<0051>0<0057>0<004c>0<0051>0<004a>0<0003>0<0051>0<0048>0<0057>0<005a>0<0052>0<0055>0<004e>0<0003>0<0049>0<0052>0<0055>0<0003>0<004a>0<0044>0<0055>20<0044>0<004a>0<0048>0<0003>0<0056>0<0044>0<004f>0<0048>0<0056>0<000f>0<0003>0<0048>0<0056>0<0057>0<0044>0<0057>0<0048>0<0003>0<0056>0<0044>0<004f>0<0048>0<0056>0<000f>0<0003>0<07b0>0<0048>0<0044>0<0003>0<0050>0<0044>0<0055>0<004e>0<0048>0<0057>0<0056>0<000f>0<0003>0<0044>0<0051>0<0047>0<0003>0<004f>0<0052>0<0046>0<0044>0<004f>0<0003>0<0047>0<0048>0<0044>0<004f>0<0056>0<0011>0] TJ
1 0 0 -1 104 268.472012 Tm
[<0014>0<0011>0<0003>0<0039>0<004c>0<0056>0<004c>0<0052>0<0051>0] TJ
1 0 0 -1 104 306.89625 Tm
[<0036>0<0044>0<004f>0<0048>0<0036>0<0046>0<0052>0<0058>0<0057>0<0003>0<004c>0<0056>0<0003>0<0050>0<0052>0<0055>20<0048>0<0003>0<0057>0<004b>0<0044>0<0051>0<0003>0<0044>0<0003>0<004a>0<0044>0<0055>20<0044>0<004a>0<0048>0<0003>0<0056>0<0044>0<004f>0<0048>0<0003>0<07af>0<0051>0<0047>0<0048>0<0055>159<0011>0] TJ
1 0 0 -1 104 344.89625 Tm
[<002c>0<0057>0<0003>0<004c>0<0056>0<0003>0<0044>0<0003>0<0056>0<0052>0<0046>0<004c>0<0044>0<004f>0<0003>0<0057>0<0055>20<0048>0<0044>0<0056>0<0058>0<0055>20<0048>0<0003>0<004b>0<0058>0<0051>0<0057>0<004c>0<0051>0<004a>0<0003>0<0053>0<004f>0<0044>0<0057>0<0049>0<0052>0<0055>0<0050>0<0003>0<0057>0<004b>0<0044>0<0057>0<0003>0<004b>0<0048>0<004f>0<0053>0<0056>0<0003>0<0058>0<0056>0<0048>0<0055>0<0056>0<0003>0<0047>0<004c>0<0056>0<0046>0<0052>20<0059>0<0048>0<0055>0<0003>0<0044>0<0050>0<0044>0<005d>0<004c>0<0051>0<004a>0<0003>0<004f>0<0052>0<0046>0<0044>0<004f>0<0003>0<0047>0<0048>0<0044>0<004f>0<0056>0<0003>0<005a>0<004b>0<004c>0<004f>0<0048>0<0003>0<0046>0<0055>20<0048>0<0044>0<0057>0<004c>0<0051>0<004a>0<0003>0<0044>0] TJ
1 0 0 -1 104 362.89625 Tm
[<0046>0<0052>0<0050>0<0050>0<0058>0<0051>0<004c>0<0057>0<005c>0<0003>0<0044>0<0055>20<0052>0<0058>0<0051>0<0047>0<0003>0<07af>0<0051>0<0047>0<004c>0<0051>0<004a>0<000f>0<0003>0<0056>0<004b>0<0044>0<0055>0<004c>0<0051>0<004a>0<000f>0<0003>0<0044>0<0051>0<0047>0<0003>0<0046>0<0052>0<0050>0<0053>0<0048>0<0057>0<004c>0<0051>0<004a>0<0003>0<0049>0<0052>0<0055>0<0003>0<0057>0<004b>0<0048>0<0003>0<0045>0<0048>0<0056>0<0057>0<0003>0<0057>0<0055>20<0048>0<0044>0<0056>0<0058>0<0055>20<0048>0<0056>0<0011>0] TJ
1 0 0 -1 104 400.89625 Tm
[<002c>0<0051>0<0056>0<0057>0<0048>0<0044>0<0047>0<0003>0<0052>0<0049>0<0003>0<0056>0<004c>0<0050>0<0053>0<004f>0<005c>0<0003>0<0056>0<004b>0<0052>20<005a>0<004c>0<0051>0<004a>0<0003>0<004a>0<0044>0<0055>20<0044>0<004a>0<0048>0<0003>0<0056>0<0044>0<004f>0<0048>0<0003>0<004f>0<004c>0<0056>0<0057>0<004c>0<0051>0<004a>0<0056>0<000f>0<0003>0<0036>0<0044>0<004f>0<0048>0<0036>0<0046>0<0052>0<0058>0<0057>0<0003>0<0045>0<0048>0<0046>0<0052>0<0050>0<0048>0<0056>0<0003>0<0057>0<004b>0<0048>0<0003>0<0052>0<0053>0<0048>0<0055>20<0044>0<0057>0<004c>0<0051>0<004a>0<0003>0<0056>0<005c>0<0056>0<0057>0<0048>0<0050>0<0003>0<0049>0<0052>0<0055>0<0003>0<005a>0<0048>0<0048>0<004e>0<0048>0<0051>0<0047>0] TJ
1 0 0 -1 104 418.89625 Tm
[<0057>0<0055>20<0048>0<0044>0<0056>0<0058>0<0055>20<0048>0<0003>0<004b>0<0058>0<0051>0<0057>0<0048>0<0055>0<0056>0<0011>0] TJ
1 0 0 -1 104 456.89625 Tm
[<0028>0<0059>0<0048>0<0055>0<005c>0<0003>0<0036>0<0044>0<0057>0<0058>0<0055>20<0047>0<0044>0<005c>0<0003>0<0050>0<0052>0<0055>0<0051>0<004c>0<0051>0<004a>0<0003>0<0053>0<0048>0<0052>0<0053>0<004f>0<0048>0<0003>0<0052>0<0053>0<0048>0<0051>0<0003>0<0036>0<0044>0<004f>0<0048>0<0036>0<0046>0<0052>0<0058>0<0057>0<0003>0<0057>0<0052>0<001d>0] TJ
1 0 0 -1 144 494.89625 Tm
[<0027>0<004c>0<0056>0<0046>0<0052>20<0059>0<0048>0<0055>0<0003>0<0051>0<0048>0<0044>0<0055>0<0045>20<005c>0<0003>0<0056>0<0044>0<004f>0<0048>0<0056>0] TJ
1 0 0 -1 144 512.89625 Tm
[<0033>0<004f>0<0044>0<0051>0<0003>0<0057>0<004b>0<0048>0<004c>0<0055>0<0003>0<0055>20<0052>0<0058>0<0057>0<0048>0] TJ
1 0 0 -1 144 530.89625 Tm
[<002b>0<0058>0<0051>0<0057>0<0003>0<0049>0<0052>0<0055>0<0003>0<0047>0<0048>0<0044>0<004f>0<0056>0] TJ
1 0 0 -1 144 548.89625 Tm
[<0036>0<004b>0<0044>0<0055>20<0048>0<0003>0<0057>0<004b>0<0048>0<004c>0<0055>0<0003>0<07af>0<0051>0<0047>0<0056>0] TJ
1 0 0 -1 144 566.89625 Tm
[<0026>0<0052>0<0050>0<0053>0<0048>0<0057>0<0048>0<0003>0<005a>0<004c>0<0057>0<004b>0<0003>0<0049>0<0055>0<004c>0<0048>0<0051>0<0047>0<0056>0] TJ
1 0 0 -1 144 584.89625 Tm
[<0028>0<0044>0<0055>0<0051>0<0003>0<0055>20<0048>20<005a>0<0044>0<0055>20<0047>0<0056>0] TJ
1 0 0 -1 104 614.89625 Tm
[<0032>0<0058>0<0055>0<0003>0<004f>0<0052>0<0051>0<004a>0<0010>0<0057>0<0048>0<0055>0<0050>0<0003>0<004a>0<0052>0<0044>0<004f>0<0003>0<004c>0<0056>0<0003>0<0057>0<0052>0<0003>0<0045>0<0048>0<0046>0<0052>0<0050>0<0048>0<0003>0<0057>0<004b>0<0048>0<0003>0<0005>-20<003a>20<0044>0<005d>0<0048>0<0003>0<000e>0<0003>0<0033>0<0052>0<004e>0<00ab>0<0050>0<0052>0<0051>0<0003>0<002a>0<0032>0<0003>0<000e>0<0003>0<002c>0<0051>0<0056>0<0057>0<0044>0<004a>0<0055>20<0044>0<0050>10<0005>0<0003>0<0049>0<0052>0<0055>0<0003>0<0057>0<0055>20<0048>0<0044>0<0056>0<0058>0<0055>20<0048>0<0003>0<004b>0<0058>0<0051>0<0057>0<004c>0<0051>0<004a>0<0011>0] TJ
1 0 0 -1 104 687.552012 Tm
[<0015>0<0011>0<0003>0<0026>0<0052>0<0055>20<0048>0<0003>0<0033>0<0055>20<0052>0<0045>0<004f>0<0048>0<0050>0] TJ
1 0 0 -1 104 725.97625 Tm
[<0037>69<0052>0<0047>0<0044>0<005c>-40<000a>30<0056>0<0003>0<004a>0<0044>0<0055>20<0044>0<004a>0<0048>0<0003>0<0056>0<0044>0<004f>0<0048>0<0003>0<0047>0<004c>0<0056>0<0046>0<0052>20<0059>0<0048>0<0055>0<005c>0<0003>0<004c>0<0056>0<0003>0<0049>0<0055>20<0044>0<004a>0<0050>0<0048>0<0051>0<0057>0<0048>0<0047>0<0011>0] TJ
1 0 0 -1 104 763.97625 Tm
[<0025>0<0058>0<005c>0<0048>0<0055>0<0056>0<0003>0<0055>20<0048>0<004f>0<005c>0<0003>0<0052>0<0051>0<001d>0] TJ
1 0 0 -1 144 801.97625 Tm
[<0029>0<0044>0<0046>0<0048>0<0045>0<0052>0<0052>0<004e>0<0003>0<002a>0<0055>20<0052>0<0058>0<0053>0<0056>0] TJ
1 0 0 -1 144 819.97625 Tm
[<0026>0<0055>20<0044>0<004c>0<004a>0<0056>0<004f>0<004c>0<0056>0<0057>0] TJ
1 0 0 -1 144 837.97625 Tm
[<003c>49<0044>0<0055>20<0047>0<0003>0<0056>0<004c>0<004a>0<0051>0<0056>0] TJ
1 0 0 -1 144 855.97625 Tm
[<003a>20<0052>0<0055>20<0047>0<0003>0<0052>0<0049>0<0003>0<0050>0<0052>0<0058>0<0057>0<004b>0] TJ
1 0 0 -1 144 873.97625 Tm
[<0035>0<0044>0<0051>0<0047>0<0052>0<0050>0<0003>0<0047>0<0055>0<004c>0<0059>0<004c>0<0051>0<004a>0] TJ
1 0 0 -1 104 903.97625 Tm
[<0033>0<0055>20<0052>0<0045>0<004f>0<0048>0<0050>0<0056>0<0003>0<004c>0<0051>0<0046>0<004f>0<0058>0<0047>0<0048>0<001d>0] TJ
1 0 0 -1 144 941.97625 Tm
[<0030>0<004c>0<0056>0<0056>0<004c>0<0051>0<004a>0<0003>0<004a>0<0052>0<0052>0<0047>0<0003>0<0056>0<0044>0<004f>0<0048>0<0056>0] TJ
1 0 0 -1 136.368164 494.89625 Tm
[<020e>0<0003>0] TJ
1 0 0 -1 136.368164 512.89625 Tm
1 0 0 -1 136.368164 530.89625 Tm
1 0 0 -1 136.368164 548.89625 Tm
1 0 0 -1 136.368164 566.89625 Tm
1 0 0 -1 136.368164 584.89625 Tm
1 0 0 -1 136.368164 801.97625 Tm
1 0 0 -1 136.368164 819.97625 Tm
1 0 0 -1 136.368164 837.97625 Tm
1 0 0 -1 136.368164 855.97625 Tm
1 0 0 -1 136.368164 873.97625 Tm
1 0 0 -1 136.368164 941.97625 Tm
0.431373 0.431373 0.431373 rg
1 0 0 -1 404.567871 1012.65625 Tm
[<0014>0] TJ
712 328 m
104 328 l
104 329 l
712 329 l
104 329 608 0 re
104 328 608 1 re
712 761.08 m
104 761.08 l
104 762.08 l
712 762.08 l
104 762.08 608 0 re
104 761.08 608 1 re
1 0 0 -1 144 109.65625 Tm
[<003a>20<0044>0<0056>0<0057>0<004c>0<0051>0<004a>0<0003>0<0049>0<0058>0<0048>0<004f>0] TJ
1 0 0 -1 144 127.65625 Tm
[<0033>0<0052>0<0052>0<0055>0<0003>0<0052>0<0055>10<004a>0<0044>0<0051>0<004c>0<005d>0<0044>0<0057>0<004c>0<0052>0<0051>0] TJ
1 0 0 -1 144 145.65625 Tm
[<0031>0<0052>0<0003>0<0056>0<0048>0<0044>0<0055>20<0046>0<004b>0<0003>0<0045>20<005c>0<0003>0<004c>0<0057>0<0048>0<0050>0] TJ
1 0 0 -1 144 163.65625 Tm
[<0031>0<0052>0<0003>0<0052>0<0053>0<0057>0<004c>0<0050>0<004c>0<005d>0<0048>0<0047>0<0003>0<0055>20<0052>0<0058>0<0057>0<0048>0<0056>0] TJ
1 0 0 -1 144 181.65625 Tm
[<0031>0<0052>0<0003>0<004f>0<004c>0<0059>0<0048>0<0003>0<0058>0<0053>0<0047>0<0044>0<0057>0<0048>0<0056>0] TJ
1 0 0 -1 104 211.65625 Tm
[<0036>0<0048>0<004f>0<004f>0<0048>0<0055>0<0056>0<0003>0<0056>0<0057>0<0055>0<0058>0<004a>0<004a>0<004f>0<0048>0<0003>0<0045>0<0048>0<0046>0<0044>0<0058>0<0056>0<0048>0<001d>0] TJ
1 0 0 -1 144 249.65625 Tm
[<002f>0<004c>0<0050>0<004c>0<0057>0<0048>0<0047>0<0003>0<0059>0<004c>0<0056>0<004c>0<0045>0<004c>0<004f>0<004c>0<0057>0<005c>0] TJ
1 0 0 -1 144 267.65625 Tm
[<0027>0<004c>0<07b1>0<0046>0<0058>0<004f>0<0057>0<0003>0<0053>0<0055>20<0052>0<0050>0<0052>0<0057>0<004c>0<0052>0<0051>0] TJ
1 0 0 -1 144 285.65625 Tm
[<0031>0<0052>0<0003>0<0044>0<0051>0<0044>0<004f>0<005c>0<0057>0<004c>0<0046>0<0056>0] TJ
1 0 0 -1 144 303.65625 Tm
[<002f>0<0052>20<005a>0<0003>0<0044>0<0057>0<0057>0<0048>0<0051>0<0047>0<0044>0<0051>0<0046>0<0048>0] TJ
1 0 0 -1 104 376.312012 Tm
[<0016>0<0011>0<0003>0<0036>0<0052>0<004f>0<0058>0<0057>0<004c>0<0052>0<0051>0] TJ
1 0 0 -1 104 414.73625 Tm
[<0036>0<0044>0<004f>0<0048>0<0036>0<0046>0<0052>0<0058>0<0057>0<0003>0<0053>0<0055>20<0052>20<0059>0<004c>0<0047>0<0048>0<0056>0<0003>0<0052>0<0051>0<0048>0<0003>0<0053>0<004f>0<0044>0<0057>0<0049>0<0052>0<0055>0<0050>0<0003>0<005a>0<004b>0<0048>0<0055>20<0048>0<0003>0<0045>0<0058>0<005c>0<0048>0<0055>0<0056>0<0003>0<0046>0<0044>0<0051>0<001d>0] TJ
1 0 0 -1 144 452.73625 Tm
1 0 0 -1 144 470.73625 Tm
[<0036>0<0048>0<0044>0<0055>20<0046>0<004b>0<0003>0<0049>0<0052>0<0055>0<0003>0<0056>0<0053>0<0048>0<0046>0<004c>0<07af>0<0046>0<0003>0<004c>0<0057>0<0048>0<0050>0<0056>0] TJ
1 0 0 -1 144 488.73625 Tm
[<0039>0<004c>0<0048>20<005a>0<0003>0<0024>0<002c>0<0010>0<004a>0<0048>0<0051>0<0048>0<0055>20<0044>0<0057>0<0048>0<0047>0<0003>0<0055>20<0048>0<0046>0<0052>0<0050>0<0050>0<0048>0<0051>0<0047>0<0044>0<0057>0<004c>0<0052>0<0051>0<0056>0] TJ
1 0 0 -1 144 506.73625 Tm
[<0033>0<004f>0<0044>0<0051>0<0003>0<0052>0<0053>0<0057>0<004c>0<0050>0<004c>0<005d>0<0048>0<0047>0<0003>0<0055>20<0052>0<0058>0<0057>0<0048>0<0056>0] TJ
1 0 0 -1 144 524.73625 Tm
[<0035>0<0048>0<0046>0<0048>0<004c>0<0059>0<0048>0<0003>0<0057>0<0055>20<0048>0<0044>0<0056>0<0058>0<0055>20<0048>0<0003>0<0044>0<004f>0<0048>0<0055>0<0057>0<0056>0] TJ
1 0 0 -1 144 542.73625 Tm
[<0036>0<004b>0<0044>0<0055>20<0048>0<0003>0<07af>0<0051>0<0047>0<0056>0] TJ
1 0 0 -1 144 560.73625 Tm
[<0028>0<0044>0<0055>0<0051>0<0003>0<0044>0<0046>0<004b>0<004c>0<0048>20<0059>0<0048>0<0050>0<0048>0<0051>0<0057>0<0056>0] TJ
1 0 0 -1 144 578.73625 Tm
[<0026>0<0052>0<0050>0<0053>0<0048>0<0057>0<0048>0<0003>0<0052>0<0051>0<0003>0<004f>0<0048>0<0044>0<0047>0<0048>0<0055>0<0045>0<0052>0<0044>0<0055>20<0047>0<0056>0] TJ
1 0 0 -1 104 608.73625 Tm
[<0036>0<0048>0<004f>0<004f>0<0048>0<0055>0<0056>0<0003>0<0046>0<0044>0<0051>0<001d>0] TJ
1 0 0 -1 144 646.73625 Tm
[<0026>0<0055>20<0048>0<0044>0<0057>0<0048>0<0003>0<004f>0<004c>0<0056>0<0057>0<004c>0<0051>0<004a>0<0056>0<0003>0<004c>0<0051>0<0003>0<0058>0<0051>0<0047>0<0048>0<0055>0<0003>0<0019>0<0013>0<0003>0<0056>0<0048>0<0046>0<0052>0<0051>0<0047>0<0056>0] TJ
1 0 0 -1 144 664.73625 Tm
[<0038>0<0053>0<004f>0<0052>0<0044>0<0047>0<0003>0<0053>0<004b>0<0052>0<0057>0<0052>0<0056>0] TJ
1 0 0 -1 144 682.73625 Tm
[<0038>0<0056>0<0048>0<0003>0<0024>0<002c>0<0010>0<004a>0<0048>0<0051>0<0048>0<0055>20<0044>0<0057>0<0048>0<0047>0<0003>0<0047>0<0048>0<0056>0<0046>0<0055>0<004c>0<0053>0<0057>0<004c>0<0052>0<0051>0<0056>0] TJ
1 0 0 -1 144 700.73625 Tm
[<0033>0<0055>20<0052>0<0050>0<0052>0<0057>0<0048>0<0003>0<004f>0<004c>0<0056>0<0057>0<004c>0<0051>0<004a>0<0056>0] TJ
1 0 0 -1 144 718.73625 Tm
[<0035>0<0048>0<0044>0<0046>0<004b>0<0003>0<0050>0<0052>0<0055>20<0048>0<0003>0<0045>0<0058>0<005c>0<0048>0<0055>0<0056>0] TJ
1 0 0 -1 144 736.73625 Tm
[<0039>0<004c>0<0048>20<005a>0<0003>0<0057>0<0055>20<0044>0<07b1>0<0046>0<0003>0<0044>0<0051>0<0044>0<004f>0<005c>0<0057>0<004c>0<0046>0<0056>0] TJ
1 0 0 -1 104 809.392012 Tm
[<0017>0<0011>0<0003>0<0033>0<0055>20<0052>0<0047>0<0058>0<0046>0<0057>0<0003>0<0033>0<004b>0<004c>0<004f>0<0052>0<0056>0<0052>0<0053>0<004b>0<005c>0] TJ
1 0 0 -1 104 847.81625 Tm
[<0036>0<0044>0<004f>0<0048>0<0036>0<0046>0<0052>0<0058>0<0057>0<0003>0<004c>0<0056>0<0003>0<0031>0<0032>30<0037>0<0003>0<0044>0<0051>0<0052>0<0057>0<004b>0<0048>0<0055>0<0003>0<0050>0<0044>0<0055>0<004e>0<0048>0<0057>0<0053>0<004f>0<0044>0<0046>0<0048>0<0011>0] TJ
1 0 0 -1 104 885.81625 Tm
[<003a>20<0048>0<0003>0<0044>0<0055>20<0048>0<0003>0<0045>0<0058>0<004c>0<004f>0<0047>0<004c>0<0051>0<004a>0<0003>0<0044>0<0051>0<0003>0<004c>0<0051>0<0057>0<0048>0<004f>0<004f>0<004c>0<004a>0<0048>0<0051>0<0057>0<0003>0<0047>0<004c>0<0056>0<0046>0<0052>20<0059>0<0048>0<0055>0<005c>0<0003>0<0053>0<004f>0<0044>0<0057>0<0049>0<0052>0<0055>0<0050>0<0003>0<0053>0<0052>20<005a>0<0048>0<0055>20<0048>0<0047>0<0003>0<0045>20<005c>0<0003>0<0046>0<0052>0<0050>0<0050>0<0058>0<0051>0<004c>0<0057>0<005c>0<0010>0<004a>0<0048>0<0051>0<0048>0<0055>20<0044>0<0057>0<0048>0<0047>0<0003>0<0047>0<0044>0<0057>0<0044>0<0003>0<0044>0<0051>0<0047>0<0003>0<0044>0<0055>0<0057>0<004c>0<07af>0<0046>0<004c>0<0044>0<004f>0] TJ
1 0 0 -1 104 903.81625 Tm
[<004c>0<0051>0<0057>0<0048>0<004f>0<004f>0<004c>0<004a>0<0048>0<0051>0<0046>0<0048>0<0011>0] TJ
1 0 0 -1 104 941.81625 Tm
[<0028>0<0059>0<0048>0<0055>0<005c>0<0003>0<004c>0<0051>0<0057>0<0048>0<0055>20<0044>0<0046>0<0057>0<004c>0<0052>0<0051>0<0003>0<004c>0<0050>0<0053>0<0055>20<0052>20<0059>0<0048>0<0056>0<0003>0<0057>0<004b>0<0048>0<0003>0<0048>20<005b>0<0053>0<0048>0<0055>0<004c>0<0048>0<0051>0<0046>0<0048>0<0003>0<0049>0<0052>0<0055>0<0003>0<0048>20<0059>0<0048>0<0055>0<005c>0<0003>0<0058>0<0056>0<0048>0<0055>159<0011>0] TJ
1 0 0 -1 136.368164 109.65625 Tm
1 0 0 -1 136.368164 127.65625 Tm
1 0 0 -1 136.368164 145.65625 Tm
1 0 0 -1 136.368164 163.65625 Tm
1 0 0 -1 136.368164 181.65625 Tm
1 0 0 -1 136.368164 249.65625 Tm
1 0 0 -1 136.368164 267.65625 Tm
1 0 0 -1 136.368164 285.65625 Tm
1 0 0 -1 136.368164 303.65625 Tm
1 0 0 -1 136.368164 452.73625 Tm
1 0 0 -1 136.368164 470.73625 Tm
1 0 0 -1 136.368164 488.73625 Tm
1 0 0 -1 136.368164 506.73625 Tm
1 0 0 -1 136.368164 524.73625 Tm
1 0 0 -1 136.368164 542.73625 Tm
1 0 0 -1 136.368164 560.73625 Tm
1 0 0 -1 136.368164 578.73625 Tm
1 0 0 -1 136.368164 646.73625 Tm
1 0 0 -1 136.368164 664.73625 Tm
1 0 0 -1 136.368164 682.73625 Tm
1 0 0 -1 136.368164 700.73625 Tm
1 0 0 -1 136.368164 718.73625 Tm
1 0 0 -1 136.368164 736.73625 Tm
[<0015>0] TJ
712 96 m
104 96 l
104 97 l
712 97 l
104 97 608 0 re
104 96 608 1 re
712 415.02 m
104 415.02 l
104 416.02 l
712 416.02 l
104 416.02 608 0 re
104 415.02 608 1 re
712 681.96 m
104 681.96 l
104 682.96 l
712 682.96 l
104 682.96 608 0 re
104 681.96 608 1 re
712 904.9 m
104 904.9 l
104 905.9 l
712 905.9 l
104 905.9 608 0 re
104 904.9 608 1 re
1 0 0 -1 104 144.312012 Tm
[<0018>0<0011>0<0003>0<0026>0<0052>0<0055>20<0048>0<0003>0<0033>0<0055>20<0052>0<0047>0<0058>0<0046>0<0057>0<0003>0<0033>0<004c>0<004f>0<004f>0<0044>0<0055>0<0056>0] TJ
1 0 0 -1 104 189.563887 Tm
[<0033>0<004c>0<004f>0<004f>0<0044>0<0055>0<0003>0<0014>0<0003>0<02020003>0<0027>0<004c>0<0056>0<0046>0<0052>20<0059>0<0048>0<0055>0] TJ
1 0 0 -1 104 224.67625 Tm
[<0038>0<0056>0<0048>0<0055>0<0056>0<0003>0<0047>0<004c>0<0056>0<0046>0<0052>20<0059>0<0048>0<0055>0<0003>0<0051>0<0048>0<0044>0<0055>0<0045>20<005c>0<0003>0<004a>0<0044>0<0055>20<0044>0<004a>0<0048>0<0003>0<0056>0<0044>0<004f>0<0048>0<0056>0<0011>0] TJ
1 0 0 -1 104 262.67625 Tm
[<0029>0<0048>0<0044>0<0057>0<0058>0<0055>20<0048>0<0056>0<001d>0] TJ
1 0 0 -1 144 300.67625 Tm
[<002c>0<0051>0<0057>0<0048>0<0055>20<0044>0<0046>0<0057>0<004c>0<0059>0<0048>0<0003>0<0050>0<0044>0<0053>0] TJ
1 0 0 -1 144 318.67625 Tm
[<0031>0<0048>0<0044>0<0055>0<0045>20<005c>0<0003>0<0056>0<0048>0<0044>0<0055>20<0046>0<004b>0] TJ
1 0 0 -1 144 336.67625 Tm
[<0026>0<0044>0<0057>0<0048>0<004a>0<0052>0<0055>0<005c>0<0003>0<07af>0<004f>0<0057>0<0048>0<0055>0<0056>0] TJ
1 0 0 -1 144 354.67625 Tm
[<0024>0<002c>0<0003>0<0055>20<0048>0<0046>0<0052>0<0050>0<0050>0<0048>0<0051>0<0047>0<0044>0<0057>0<004c>0<0052>0<0051>0<0056>0] TJ
1 0 0 -1 144 372.67625 Tm
[<0036>0<0044>0<0059>0<0048>0<0047>0<0003>0<0056>0<0048>0<0044>0<0055>20<0046>0<004b>0<0048>0<0056>0] TJ
1 0 0 -1 144 390.67625 Tm
[<0035>0<0052>0<0058>0<0057>0<0048>0<0003>0<0053>0<004f>0<0044>0<0051>0<0051>0<004c>0<0051>0<004a>0] TJ
1 0 0 -1 104 456.503887 Tm
[<0033>0<004c>0<004f>0<004f>0<0044>0<0055>0<0003>0<0015>0<0003>0<02020003>0<002b>0<0058>0<0051>0<0057>0] TJ
1 0 0 -1 104 491.61625 Tm
[<0038>0<0056>0<0048>0<0055>0<0056>0<0003>0<0057>0<0055>20<0044>0<0059>0<0048>0<004f>0<0003>0<0057>0<0052>0<0003>0<0056>0<0044>0<004f>0<0048>0<0056>0<0011>0] TJ
1 0 0 -1 104 529.61625 Tm
[<0027>0<0058>0<0055>0<004c>0<0051>0<004a>0<0003>0<0057>0<004b>0<0048>0<0003>0<004b>0<0058>0<0051>0<0057>0<0003>0<0058>0<0056>0<0048>0<0055>0<0056>0<0003>0<0046>0<0044>0<0051>0<001d>0] TJ
1 0 0 -1 144 567.61625 Tm
[<0026>0<004b>0<0048>0<0046>0<004e>0<0003>0<004c>0<0051>0<0057>0<0052>0<0003>0<0056>0<0044>0<004f>0<0048>0<0056>0] TJ
1 0 0 -1 144 585.61625 Tm
[<0030>0<0044>0<0055>0<004e>0<0003>0<0056>0<0044>0<004f>0<0048>0<0056>0<0003>0<0044>0<0056>0<0003>0<0059>0<004c>0<0056>0<004c>0<0057>0<0048>0<0047>0] TJ
1 0 0 -1 144 603.61625 Tm
[<0036>0<0044>0<0059>0<0048>0<0003>0<0049>0<0044>0<0059>0<0052>0<0055>0<004c>0<0057>0<0048>0<0056>0] TJ
1 0 0 -1 144 621.61625 Tm
[<0035>0<0048>0<0053>0<0052>0<0055>0<0057>0<0003>0<004c>0<0051>0<0059>0<0048>0<0051>0<0057>0<0052>0<0055>0<005c>0] TJ
1 0 0 -1 144 639.61625 Tm
[<0035>0<0048>0<0053>0<0052>0<0055>0<0057>0<0003>0<0046>0<0055>20<0052>20<005a>0<0047>0<0056>0] TJ
1 0 0 -1 144 657.61625 Tm
[<002f>0<0048>0<0044>0<0059>0<0048>0<0003>0<0055>20<0044>0<0057>0<004c>0<0051>0<004a>0<0056>0] TJ
1 0 0 -1 104 723.443887 Tm
[<0033>0<004c>0<004f>0<004f>0<0044>0<0055>0<0003>0<0016>0<0003>0<02020003>0<0036>0<004b>0<0044>0<0055>20<0048>0] TJ
1 0 0 -1 104 758.55625 Tm
[<0024>0<0049>0<0057>0<0048>0<0055>0<0003>0<0053>0<0058>0<0055>20<0046>0<004b>0<0044>0<0056>0<004c>0<0051>0<004a>0<0003>0<0044>0<0051>0<0003>0<004c>0<0057>0<0048>0<0050>0<0003>0<0058>0<0056>0<0048>0<0055>0<0056>0<0003>0<0058>0<0053>0<004f>0<0052>0<0044>0<0047>0<001d>0] TJ
1 0 0 -1 144 796.55625 Tm
[<0033>0<004b>0<0052>0<0057>0<0052>0<0056>0] TJ
1 0 0 -1 144 814.55625 Tm
[<0033>0<0058>0<0055>20<0046>0<004b>0<0044>0<0056>0<0048>0<0003>0<0053>0<0055>0<004c>0<0046>0<0048>0] TJ
1 0 0 -1 144 832.55625 Tm
[<0028>0<0056>0<0057>0<004c>0<0050>0<0044>0<0057>0<0048>0<0047>0<0003>0<0059>0<0044>0<004f>0<0058>0<0048>0] TJ
1 0 0 -1 144 850.55625 Tm
[<0036>0<0057>0<0052>0<0055>0<005c>0] TJ
1 0 0 -1 104 880.55625 Tm
[<0037>0<004b>0<0048>0<0003>0<0044>0<0053>0<0053>0<0003>0<004a>0<0048>0<0051>0<0048>0<0055>20<0044>0<0057>0<0048>0<0056>0<0003>0<0044>0<0003>0<0037>49<0055>20<0048>0<0044>0<0056>0<0058>0<0055>20<0048>0<0003>0<0036>0<0046>0<0052>0<0055>20<0048>0<0011>0] TJ
1 0 0 -1 136.368164 300.67625 Tm
1 0 0 -1 136.368164 318.67625 Tm
1 0 0 -1 136.368164 336.67625 Tm
1 0 0 -1 136.368164 354.67625 Tm
1 0 0 -1 136.368164 372.67625 Tm
1 0 0 -1 136.368164 390.67625 Tm
1 0 0 -1 136.368164 567.61625 Tm
1 0 0 -1 136.368164 585.61625 Tm
1 0 0 -1 136.368164 603.61625 Tm
1 0 0 -1 136.368164 621.61625 Tm
1 0 0 -1 136.368164 639.61625 Tm
1 0 0 -1 136.368164 657.61625 Tm
1 0 0 -1 136.368164 796.55625 Tm
1 0 0 -1 136.368164 814.55625 Tm
1 0 0 -1 136.368164 832.55625 Tm
1 0 0 -1 136.368164 850.55625 Tm
[<0016>0] TJ
712 315.94 m
104 315.94 l
104 316.94 l
712 316.94 l
104 316.94 608 0 re
104 315.94 608 1 re
712 736.96 m
104 736.96 l
104 737.96 l
712 737.96 l
104 737.96 608 0 re
104 736.96 608 1 re
1 0 0 -1 104 116.483887 Tm
[<0033>0<004c>0<004f>0<004f>0<0044>0<0055>0<0003>0<0017>0<0003>0<02020003>0<0026>0<0052>0<0050>0<0053>0<0048>0<0057>0<0048>0] TJ
1 0 0 -1 104 151.59625 Tm
[<0038>0<0056>0<0048>0<0055>0<0056>0<0003>0<0048>0<0044>0<0055>0<0051>0<001d>0] TJ
1 0 0 -1 144 189.59625 Tm
[<003b>0<0033>0] TJ
1 0 0 -1 144 207.59625 Tm
[<002f>0<0048>20<0059>0<0048>0<004f>0<0056>0] TJ
1 0 0 -1 144 225.59625 Tm
[<0025>0<0044>0<0047>0<004a>0<0048>0<0056>0] TJ
1 0 0 -1 144 243.59625 Tm
[<0024>0<0046>0<004b>0<004c>0<0048>20<0059>0<0048>0<0050>0<0048>0<0051>0<0057>0<0056>0] TJ
1 0 0 -1 144 261.59625 Tm
[<003a>20<0048>0<0048>0<004e>0<004f>0<005c>0<0003>0<0055>20<0044>0<0051>0<004e>0<004c>0<0051>0<004a>0<0056>0] TJ
1 0 0 -1 104 291.59625 Tm
[<0026>0<0052>0<0050>0<0053>0<0048>0<0057>0<004c>0<0057>0<004c>0<0052>0<0051>0<0003>0<0047>0<0055>0<004c>0<0059>0<0048>0<0056>0<0003>0<0055>20<0048>0<0057>0<0048>0<0051>0<0057>0<004c>0<0052>0<0051>0<0011>0] TJ
1 0 0 -1 104 364.252012 Tm
[<0019>0<0011>0<0003>0<0024>0<002c>0<0003>0<0029>0<0048>0<0044>0<0057>0<0058>0<0055>20<0048>0<0056>0] TJ
1 0 0 -1 104 409.503887 Tm
[<0024>0<002c>0<0003>0<002c>0<0057>0<0048>0<0050>0<0003>0<0035>0<0048>0<0046>0<0052>0<004a>0<0051>0<004c>0<0057>0<004c>0<0052>0<0051>0] TJ
1 0 0 -1 104 444.61625 Tm
[<0038>0<0056>0<0048>0<0055>0<0056>0<0003>0<0058>0<0053>0<004f>0<0052>0<0044>0<0047>0<0003>0<0053>0<004b>0<0052>0<0057>0<0052>0<0056>0<0011>0] TJ
1 0 0 -1 104 482.61625 Tm
[<0024>0<002c>0<0003>0<0044>0<0058>0<0057>0<0052>0<0050>0<0044>0<0057>0<004c>0<0046>0<0044>0<004f>0<004f>0<005c>0<0003>0<004c>0<0047>0<0048>0<0051>0<0057>0<004c>0<07af>0<0048>0<0056>0<001d>0] TJ
1 0 0 -1 144 520.61625 Tm
[<0037>69<0052>0<0052>0<004f>0<0056>0] TJ
1 0 0 -1 144 538.61625 Tm
[<0029>0<0058>0<0055>0<0051>0<004c>0<0057>0<0058>0<0055>20<0048>0] TJ
1 0 0 -1 144 556.61625 Tm
[<0028>0<004f>0<0048>0<0046>0<0057>0<0055>20<0052>0<0051>0<004c>0<0046>0<0056>0] TJ
1 0 0 -1 144 574.61625 Tm
[<0037>69<0052>20<005c>0<0056>0] TJ
1 0 0 -1 144 592.61625 Tm
[<0024>0<0053>0<0053>0<004f>0<004c>0<0044>0<0051>0<0046>0<0048>0<0056>0] TJ
1 0 0 -1 144 610.61625 Tm
[<0026>0<0052>0<004f>0<004f>0<0048>0<0046>0<0057>0<004c>0<0045>0<004f>0<0048>0<0056>0] TJ
1 0 0 -1 144 628.61625 Tm
[<0039>0<004c>0<0051>0<0057>0<0044>0<004a>0<0048>0<0003>0<004c>0<0057>0<0048>0<0050>0<0056>0] TJ
1 0 0 -1 144 646.61625 Tm
[<0036>0<0053>0<0052>0<0055>0<0057>0<004c>0<0051>0<004a>0<0003>0<004a>0<0052>0<0052>0<0047>0<0056>0] TJ
1 0 0 -1 144 664.61625 Tm
[<0026>0<004f>0<0052>0<0057>0<004b>0<004c>0<0051>0<004a>0] TJ
1 0 0 -1 144 682.61625 Tm
[<0030>0<0058>0<0056>0<004c>0<0046>0<0044>0<004f>0<0003>0<004c>0<0051>0<0056>0<0057>0<0055>0<0058>0<0050>0<0048>0<0051>0<0057>0<0056>0] TJ
1 0 0 -1 104 712.61625 Tm
[<0027>0<0048>0<0057>0<0048>0<0046>0<0057>0<0048>0<0047>0<0003>0<004c>0<0057>0<0048>0<0050>0<0056>0<0003>0<0045>0<0048>0<0046>0<0052>0<0050>0<0048>0<0003>0<0056>0<0048>0<0044>0<0055>20<0046>0<004b>0<0044>0<0045>0<004f>0<0048>0<0011>0] TJ
1 0 0 -1 104 778.443887 Tm
[<0024>0<002c>0<0003>0<0030>0<0044>0<0057>0<0046>0<004b>0<0003>0<0036>0<0046>0<0052>0<0055>20<0048>0] TJ
1 0 0 -1 104 813.55625 Tm
[<0038>0<0056>0<0048>0<0055>0<0056>0<0003>0<0056>0<0048>0<004f>0<0048>0<0046>0<0057>0<0003>0<004c>0<0051>0<0057>0<0048>0<0055>20<0048>0<0056>0<0057>0<0056>0<0011>0] TJ
1 0 0 -1 104 851.55625 Tm
[<0028>0<005b>0<0044>0<0050>0<0053>0<004f>0<0048>0<0056>0<001d>0] TJ
1 0 0 -1 144 889.55625 Tm
[<0030>0<004c>0<004f>0<005a>0<0044>0<0058>0<004e>0<0048>0<0048>0<0003>0<0037>69<0052>0<0052>0<004f>0<0056>0] TJ
1 0 0 -1 144 907.55625 Tm
[<0033>0<0052>0<004e>0<00ab>0<0050>0<0052>0<0051>0<0003>0<0026>0<0044>0<0055>20<0047>0<0056>0] TJ
1 0 0 -1 144 925.55625 Tm
[<002f>0<0028>0<002a>0<0032>0] TJ
1 0 0 -1 144 943.55625 Tm
1 0 0 -1 136.368164 189.59625 Tm
1 0 0 -1 136.368164 207.59625 Tm
1 0 0 -1 136.368164 225.59625 Tm
1 0 0 -1 136.368164 243.59625 Tm
1 0 0 -1 136.368164 261.59625 Tm
1 0 0 -1 136.368164 520.61625 Tm
1 0 0 -1 136.368164 538.61625 Tm
1 0 0 -1 136.368164 556.61625 Tm
1 0 0 -1 136.368164 574.61625 Tm
1 0 0 -1 136.368164 592.61625 Tm
1 0 0 -1 136.368164 610.61625 Tm
1 0 0 -1 136.368164 628.61625 Tm
1 0 0 -1 136.368164 646.61625 Tm
1 0 0 -1 136.368164 664.61625 Tm
1 0 0 -1 136.368164 682.61625 Tm
1 0 0 -1 136.368164 889.55625 Tm
1 0 0 -1 136.368164 907.55625 Tm
1 0 0 -1 136.368164 925.55625 Tm
1 0 0 -1 136.368164 943.55625 Tm
[<0017>0] TJ
712 448 m
104 448 l
104 449 l
712 449 l
104 449 608 0 re
104 448 608 1 re
712 812.94 m
104 812.94 l
104 813.94 l
712 813.94 l
104 813.94 608 0 re
104 812.94 608 1 re
[<0030>0<004c>0<0047>0<0010>0<0026>0<0048>0<0051>0<0057>0<0058>0<0055>0<005c>0<0003>0<0030>0<0052>0<0047>0<0048>0<0055>0<0051>0] TJ
[<0039>0<004c>0<0051>0<005c>0<004f>0<0003>0<0035>0<0048>0<0046>0<0052>0<0055>20<0047>0<0056>0] TJ
1 0 0 -1 104 157.65625 Tm
[<0031>0<0048>0<0044>0<0055>0<0045>20<005c>0<0003>0<0056>0<0044>0<004f>0<0048>0<0056>0<0003>0<0055>20<0048>0<0046>0<0048>0<004c>0<0059>0<0048>0<0003>0<0053>0<0048>0<0055>0<0056>0<0052>0<0051>0<0044>0<004f>0<004c>0<005d>0<0048>0<0047>0<0003>0<0056>0<0046>0<0052>0<0055>20<0048>0<0056>0<0011>0] TJ
1 0 0 -1 104 195.65625 Tm
[<0028>0<005b>0<0044>0<0050>0<0053>0<004f>0<0048>0<001d>0] TJ
1 0 0 -1 104 233.65625 Tm
[<002a>0<0044>0<0055>20<0044>0<004a>0<0048>0<0003>0<0036>0<0044>0<004f>0<0048>0<0003>0<0024>0] TJ
1 0 0 -1 104 271.65625 Tm
[<001c>0<0019>0<0008>0<0003>0<0030>0<0044>0<0057>0<0046>0<004b>0] TJ
1 0 0 -1 104 309.65625 Tm
[<002a>0<0044>0<0055>20<0044>0<004a>0<0048>0<0003>0<0036>0<0044>0<004f>0<0048>0<0003>0<0025>0] TJ
1 0 0 -1 104 347.65625 Tm
[<001b>0<001c>0<0008>0<0003>0<0030>0<0044>0<0057>0<0046>0<004b>0] TJ
1 0 0 -1 104 385.65625 Tm
[<002a>0<0044>0<0055>20<0044>0<004a>0<0048>0<0003>0<0036>0<0044>0<004f>0<0048>0<0003>0<0026>0] TJ
1 0 0 -1 104 423.65625 Tm
[<001b>0<0015>0<0008>0<0003>0<0030>0<0044>0<0057>0<0046>0<004b>0] TJ
1 0 0 -1 104 489.483887 Tm
[<0024>0<002c>0<0003>0<0035>0<0052>0<0058>0<0057>0<0048>0<0003>0<0033>0<004f>0<0044>0<0051>0<0051>0<0048>0<0055>0] TJ
1 0 0 -1 104 524.59625 Tm
[<0005>0<0033>0<004f>0<0044>0<0051>0<0003>0<0030>0<005c>0<0003>0<0036>0<0044>0<0057>0<0058>0<0055>20<0047>0<0044>0<005c>-40<0005>0] TJ
1 0 0 -1 104 562.59625 Tm
[<002c>0<0051>0<0053>0<0058>0<0057>0<0056>0<001d>0] TJ
1 0 0 -1 144 600.59625 Tm
[<0036>0<0057>0<0044>0<0055>0<0057>0<004c>0<0051>0<004a>0<0003>0<004f>0<0052>0<0046>0<0044>0<0057>0<004c>0<0052>0<0051>0] TJ
1 0 0 -1 144 618.59625 Tm
[<0024>0<0059>0<0044>0<004c>0<004f>0<0044>0<0045>0<004f>0<0048>0<0003>0<0057>0<004c>0<0050>0<0048>0] TJ
1 0 0 -1 144 636.59625 Tm
[<0026>0<0044>0<0057>0<0048>0<004a>0<0052>0<0055>0<004c>0<0048>0<0056>0] TJ
1 0 0 -1 144 654.59625 Tm
[<0030>0<0044>0<005b>0<004c>0<0050>0<0058>0<0050>0<0003>0<0047>0<0055>0<004c>0<0059>0<004c>0<0051>0<004a>0<0003>0<0047>0<004c>0<0056>0<0057>0<0044>0<0051>0<0046>0<0048>0] TJ
1 0 0 -1 104 684.59625 Tm
[<0032>0<0058>0<0057>0<0053>0<0058>0<0057>0<0056>0<001d>0] TJ
1 0 0 -1 144 722.59625 Tm
[<0032>0<0053>0<0057>0<004c>0<0050>0<004c>0<005d>0<0048>0<0047>0<0003>0<0047>0<0055>0<004c>0<0059>0<004c>0<0051>0<004a>0<0003>0<0055>20<0052>0<0058>0<0057>0<0048>0] TJ
1 0 0 -1 144 740.59625 Tm
[<0028>0<0056>0<0057>0<004c>0<0050>0<0044>0<0057>0<0048>0<0047>0<0003>0<0044>0<0055>0<0055>0<004c>0<0059>0<0044>0<004f>0<0003>0<0057>0<004c>0<0050>0<0048>0<0056>0] TJ
1 0 0 -1 144 758.59625 Tm
[<0028>0<0056>0<0057>0<004c>0<0050>0<0044>0<0057>0<0048>0<0047>0<0003>0<0056>0<004b>0<0052>0<0053>0<0053>0<004c>0<0051>0<004a>0<0003>0<0057>0<004c>0<0050>0<0048>0] TJ
1 0 0 -1 104 788.59625 Tm
[<0037>0<004b>0<004c>0<0056>0<0003>0<004c>0<0056>0<0003>0<0052>0<0058>0<0055>0<0003>0<07b0>0<0044>0<004a>0<0056>0<004b>0<004c>0<0053>0<0003>0<0049>0<0048>0<0044>0<0057>0<0058>0<0055>20<0048>0<0011>0] TJ
1 0 0 -1 104 854.423887 Tm
[<0024>0<002c>0<0003>0<0037>50<0055>20<0048>0<0044>0<0056>0<0058>0<0055>20<0048>0<0003>0<0039>20<0044>0<004f>0<0058>0<0044>0<0057>0<004c>0<0052>0<0051>0] TJ
1 0 0 -1 104 889.53625 Tm
[<003a>0<004b>0<0048>0<0051>0<0003>0<0044>0<0003>0<0058>0<0056>0<0048>0<0055>0<0003>0<0058>0<0053>0<004f>0<0052>0<0044>0<0047>0<0056>0<0003>0<0044>0<0003>0<07af>0<0051>0<0047>0<001d>0] TJ
1 0 0 -1 136.368164 600.59625 Tm
1 0 0 -1 136.368164 618.59625 Tm
1 0 0 -1 136.368164 636.59625 Tm
1 0 0 -1 136.368164 654.59625 Tm
1 0 0 -1 136.368164 722.59625 Tm
1 0 0 -1 136.368164 740.59625 Tm
1 0 0 -1 136.368164 758.59625 Tm
[<0018>0] TJ
712 502 m
104 502 l
104 503 l
712 503 l
104 503 608 0 re
104 502 608 1 re
712 887.02 m
104 887.02 l
104 888.02 l
712 888.02 l
104 888.02 608 0 re
104 887.02 608 1 re
1 0 0 -1 104 109.65625 Tm
[<0024>0<002c>0<0003>0<0048>0<0056>0<0057>0<004c>0<0050>0<0044>0<0057>0<0048>0<0056>0<001d>0] TJ
1 0 0 -1 144 147.65625 Tm
[<0035>0<0048>0<0057>0<0044>0<004c>0<004f>0<0003>0<0059>0<0044>0<004f>0<0058>0<0048>0] TJ
1 0 0 -1 144 165.65625 Tm
[<0035>0<0048>0<0056>0<0044>0<004f>0<0048>0<0003>0<0059>0<0044>0<004f>0<0058>0<0048>0] TJ
1 0 0 -1 144 183.65625 Tm
[<0026>0<0044>0<0057>0<0048>0<004a>0<0052>0<0055>0<005c>0] TJ
1 0 0 -1 144 201.65625 Tm
[<0025>0<0055>20<0044>0<0051>0<0047>0] TJ
1 0 0 -1 144 219.65625 Tm
[<0035>0<0044>0<0055>0<004c>0<0057>0<005c>0] TJ
1 0 0 -1 104 249.65625 Tm
[<0037>49<0055>20<0048>0<0044>0<0056>0<0058>0<0055>20<0048>0<0003>0<0036>0<0046>0<0052>0<0055>20<0048>0<001d>0] TJ
1 0 0 -1 104 287.65625 Tm
[<0028>0<0056>0<0057>0<004c>0<0050>0<0044>0<0057>0<0048>0<0047>0<0003>0<0039>20<0044>0<004f>0<0058>0<0048>0<0003>0<00b9>0<0003>0<0033>0<0058>0<0055>20<0046>0<004b>0<0044>0<0056>0<0048>0<0003>0<0033>0<0055>0<004c>0<0046>0<0048>0] TJ
1 0 0 -1 104 325.65625 Tm
1 0 0 -1 104 363.65625 Tm
[<0033>0<0044>0<004c>0<0047>0<001d>0<0003>0<0007>0<0015>0<0013>0] TJ
1 0 0 -1 104 401.65625 Tm
[<0028>0<0056>0<0057>0<004c>0<0050>0<0044>0<0057>0<0048>0<0047>0<0003>0<0039>20<0044>0<004f>0<0058>0<0048>0<001d>0<0003>0<0007>0<0016>0<0013>0<0013>0] TJ
1 0 0 -1 104 439.65625 Tm
1 0 0 -1 104 477.65625 Tm
[<0014>0<0018>0<005b>0] TJ
1 0 0 -1 104 550.312012 Tm
[<001a>0<0011>0<0003>0<0036>0<0052>0<0046>0<004c>0<0044>0<004f>0<0003>0<0033>0<004f>0<0044>0<0057>0<0049>0<0052>0<0055>0<0050>0] TJ
1 0 0 -1 104 595.563887 Tm
[<0037>50<0055>20<0048>0<0044>0<0056>0<0058>0<0055>20<0048>0<0003>0<0029>0<0048>0<0048>0<0047>0] TJ
1 0 0 -1 104 630.67625 Tm
[<0038>0<0056>0<0048>0<0055>0<0056>0<0003>0<0056>0<004b>0<0044>0<0055>20<0048>0<001d>0] TJ
1 0 0 -1 144 668.67625 Tm
[<0025>0<0048>0<0056>0<0057>0<0003>0<07af>0<0051>0<0047>0<0056>0] TJ
1 0 0 -1 144 686.67625 Tm
[<0025>0<0048>0<0049>0<0052>0<0055>20<0048>0<0012>0<0044>0<0049>0<0057>0<0048>0<0055>0<0003>0<0055>20<0048>0<0056>0<0057>0<0052>0<0055>20<0044>0<0057>0<004c>0<0052>0<0051>0<0056>0] TJ
1 0 0 -1 144 704.67625 Tm
[<0029>0<004f>0<004c>0<0053>0<0056>0] TJ
1 0 0 -1 144 722.67625 Tm
[<0026>0<0052>0<004f>0<004f>0<0048>0<0046>0<0057>0<004c>0<0052>0<0051>0<0056>0] TJ
1 0 0 -1 104 752.67625 Tm
[<0029>0<0048>0<0048>0<0047>0<0003>0<0056>0<0058>0<0053>0<0053>0<0052>0<0055>0<0057>0<0056>0<001d>0] TJ
1 0 0 -1 144 790.67625 Tm
[<002f>0<004c>0<004e>0<0048>0<0056>0] TJ
1 0 0 -1 144 808.67625 Tm
[<0026>0<0052>0<0050>0<0050>0<0048>0<0051>0<0057>0<0056>0] TJ
1 0 0 -1 144 826.67625 Tm
[<0036>0<004b>0<0044>0<0055>20<0048>0<0056>0] TJ
1 0 0 -1 144 844.67625 Tm
[<0029>0<0052>0<004f>0<004f>0<0052>20<005a>0<004c>0<0051>0<004a>0] TJ
1 0 0 -1 144 862.67625 Tm
1 0 0 -1 136.368164 147.65625 Tm
1 0 0 -1 136.368164 165.65625 Tm
1 0 0 -1 136.368164 183.65625 Tm
1 0 0 -1 136.368164 201.65625 Tm
1 0 0 -1 136.368164 219.65625 Tm
1 0 0 -1 136.368164 668.67625 Tm
1 0 0 -1 136.368164 686.67625 Tm
1 0 0 -1 136.368164 704.67625 Tm
1 0 0 -1 136.368164 722.67625 Tm
1 0 0 -1 136.368164 790.67625 Tm
1 0 0 -1 136.368164 808.67625 Tm
1 0 0 -1 136.368164 826.67625 Tm
1 0 0 -1 136.368164 844.67625 Tm
1 0 0 -1 136.368164 862.67625 Tm
[<0019>0] TJ
712 517.94 m
104 517.94 l
104 518.94 l
712 518.94 l
104 518.94 608 0 re
104 517.94 608 1 re
712 770.88 m
104 770.88 l
104 771.88 l
712 771.88 l
104 771.88 608 0 re
104 770.88 608 1 re
[<0033>0<0055>20<0052>0<07af>0<004f>0<0048>0<0056>0] TJ
[<0028>0<0059>0<0048>0<0055>0<005c>0<0003>0<0058>0<0056>0<0048>0<0055>0<0003>0<004b>0<0044>0<0056>0<001d>0] TJ
1 0 0 -1 104 189.59625 Tm
[<0024>0<0059>0<0044>0<0057>0<0044>0<0055>0] TJ
1 0 0 -1 104 227.59625 Tm
[<0038>0<0056>0<0048>0<0055>0<0051>0<0044>0<0050>0<0048>0] TJ
1 0 0 -1 104 265.59625 Tm
[<002f>0<0048>20<0059>0<0048>0<004f>0] TJ
1 0 0 -1 104 303.59625 Tm
1 0 0 -1 104 341.59625 Tm
1 0 0 -1 104 379.59625 Tm
[<0037>49<0055>20<0048>0<0044>0<0056>0<0058>0<0055>20<0048>0<0003>0<0026>0<0052>0<0058>0<0051>0<0057>0] TJ
1 0 0 -1 104 417.59625 Tm
[<0037>69<0052>0<0057>0<0044>0<004f>0<0003>0<0036>0<0044>0<0059>0<004c>0<0051>0<004a>0<0056>0] TJ
1 0 0 -1 104 455.59625 Tm
[<0028>0<0056>0<0057>0<004c>0<0050>0<0044>0<0057>0<0048>0<0047>0<0003>0<0033>0<0055>20<0052>0<07af>0<0057>0] TJ
1 0 0 -1 104 493.59625 Tm
[<0029>0<0044>0<0059>0<0052>0<0055>0<004c>0<0057>0<0048>0<0003>0<0026>0<0044>0<0057>0<0048>0<004a>0<0052>0<0055>0<004c>0<0048>0<0056>0] TJ
1 0 0 -1 104 559.423887 Tm
1 0 0 -1 104 594.53625 Tm
[<0038>0<0056>0<0048>0<0055>0<0056>0<0003>0<0049>0<0052>0<004f>0<004f>0<0052>20<005a>0<001d>0] TJ
1 0 0 -1 104 632.53625 Tm
[<0029>0<0055>0<004c>0<0048>0<0051>0<0047>0<0056>0] TJ
1 0 0 -1 104 670.53625 Tm
[<0037>69<0052>0<0053>0<0003>0<004b>0<0058>0<0051>0<0057>0<0048>0<0055>0<0056>0] TJ
1 0 0 -1 104 708.53625 Tm
[<002f>0<0052>0<0046>0<0044>0<004f>0<0003>0<0048>20<005b>0<0053>0<0048>0<0055>0<0057>0<0056>0] TJ
1 0 0 -1 104 746.53625 Tm
[<0028>0<0056>0<0057>0<0044>0<0057>0<0048>0<0003>0<0056>0<0044>0<004f>0<0048>0<0003>0<0046>0<0052>0<0050>0<0053>0<0044>0<0051>0<004c>0<0048>0<0056>0] TJ
1 0 0 -1 104 819.192012 Tm
[<001b>0<0011>0<0003>0<002a>0<0044>0<0050>0<004c>0<07af>0<0046>0<0044>0<0057>0<004c>0<0052>0<0051>0] TJ
1 0 0 -1 104 857.61625 Tm
[<0038>0<0056>0<0048>0<0055>0<0056>0<0003>0<0048>0<0044>0<0055>0<0051>0<0003>0<003b>0<0033>129<0011>0] TJ
1 0 0 -1 104 895.61625 Tm
1 0 0 -1 104 933.61625 Tm
[<0026>0<0055>20<0048>0<0044>0<0057>0<0048>0<0003>0<0044>0<0046>0<0046>0<0052>0<0058>0<0051>0<0057>0] TJ
[<001a>0] TJ
712 590 m
104 590 l
104 591 l
712 591 l
104 591 608 0 re
104 590 608 1 re
[<000e>0<0014>0<0013>0<0013>0<0003>0<003b>0<0033>0] TJ
1 0 0 -1 104 147.65625 Tm
[<0039>0<004c>0<0056>0<004c>0<0057>0<0003>0<0056>0<0044>0<004f>0<0048>0] TJ
1 0 0 -1 104 185.65625 Tm
[<000e>0<0018>0<0013>0<0003>0<003b>0<0033>0] TJ
1 0 0 -1 104 223.65625 Tm
[<0038>0<0053>0<004f>0<0052>0<0044>0<0047>0<0003>0<0057>0<0055>20<0048>0<0044>0<0056>0<0058>0<0055>20<0048>0] TJ
1 0 0 -1 104 261.65625 Tm
[<000e>0<0014>0<0018>0<0013>0<0003>0<003b>0<0033>0] TJ
1 0 0 -1 104 299.65625 Tm
[<002c>0<0051>0<0059>0<004c>0<0057>0<0048>0<0003>0<0049>0<0055>0<004c>0<0048>0<0051>0<0047>0] TJ
1 0 0 -1 104 337.65625 Tm
[<000e>0<0016>0<0013>0<0013>0<0003>0<003b>0<0033>0] TJ
1 0 0 -1 104 375.65625 Tm
[<0027>0<0044>0<004c>0<004f>0<005c>0<0003>0<004f>0<0052>0<004a>0<004c>0<0051>0] TJ
1 0 0 -1 104 413.65625 Tm
[<000e>0<0015>0<0013>0<0003>0<003b>0<0033>0] TJ
1 0 0 -1 104 451.65625 Tm
[<0036>0<004b>0<0044>0<0055>20<0048>0<0003>0<0053>0<0052>0<0056>0<0057>0] TJ
1 0 0 -1 104 489.65625 Tm
[<000e>0<0015>0<0018>0<0003>0<003b>0<0033>0] TJ
1 0 0 -1 104 527.65625 Tm
[<0039>20<0048>0<0055>0<004c>0<07af>0<0048>0<0047>0<0003>0<0055>20<0048>0<0053>0<0052>0<0055>0<0057>0] TJ
1 0 0 -1 104 565.65625 Tm
[<000e>0<001a>0<0018>0<0003>0<003b>0<0033>0] TJ
1 0 0 -1 104 631.483887 Tm
1 0 0 -1 104 666.59625 Tm
[<002f>0<0048>20<0059>0<0048>0<004f>0<0003>0<0014>0] TJ
1 0 0 -1 104 704.59625 Tm
[<0035>0<0052>0<0052>0<004e>0<004c>0<0048>0<0003>0<0036>0<0046>0<0052>0<0058>0<0057>0] TJ
1 0 0 -1 104 742.59625 Tm
[<002f>0<0048>20<0059>0<0048>0<004f>0<0003>0<0018>0] TJ
1 0 0 -1 104 780.59625 Tm
[<003a>20<0048>0<0048>0<004e>0<0048>0<0051>0<0047>0<0003>0<003a>20<0044>0<0055>0<0055>0<004c>0<0052>0<0055>0] TJ
1 0 0 -1 104 818.59625 Tm
[<002f>0<0048>20<0059>0<0048>0<004f>0<0003>0<0014>0<0013>0] TJ
1 0 0 -1 104 856.59625 Tm
[<0037>49<0055>20<0048>0<0044>0<0056>0<0058>0<0055>20<0048>0<0003>0<002b>0<0058>0<0051>0<0057>0<0048>0<0055>0] TJ
1 0 0 -1 104 894.59625 Tm
[<002f>0<0048>20<0059>0<0048>0<004f>0<0003>0<0015>0<0013>0] TJ
1 0 0 -1 104 932.59625 Tm
[<0028>0<004f>0<004c>0<0057>0<0048>0<0003>0<0036>0<0046>0<0052>0<0058>0<0057>0] TJ
[<001b>0] TJ
712 248 m
104 248 l
104 249 l
712 249 l
104 249 608 0 re
104 248 608 1 re
712 728.94 m
104 728.94 l
104 729.94 l
712 729.94 l
104 729.94 608 0 re
104 728.94 608 1 re
[<002f>0<0048>20<0059>0<0048>0<004f>0<0003>0<0017>0<0013>0] TJ
[<0030>0<0044>0<0056>0<0057>0<0048>0<0055>0<0003>0<0026>0<0052>0<004f>0<004f>0<0048>0<0046>0<0057>0<0052>0<0055>0] TJ
[<002f>0<0048>20<0059>0<0048>0<004f>0<0003>0<0019>0<0013>0] TJ
[<0037>49<0055>20<0048>0<0044>0<0056>0<0058>0<0055>20<0048>0<0003>0<002f>0<0048>0<004a>0<0048>0<0051>0<0047>0] TJ
1 0 0 -1 104 289.483887 Tm
1 0 0 -1 104 324.59625 Tm
[<0029>0<004c>0<0055>0<0056>0<0057>0<0003>0<0029>0<004c>0<0051>0<0047>0] TJ
1 0 0 -1 104 362.59625 Tm
[<002a>0<0044>0<0055>20<0044>0<004a>0<0048>0<0003>0<0036>0<0044>0<004f>0<0048>0<0003>0<0024>0<0047>0<0047>0<004c>0<0046>0<0057>0] TJ
1 0 0 -1 104 400.59625 Tm
[<0037>69<0052>0<0052>0<004f>0<0003>0<002b>0<0058>0<0051>0<0057>0<0048>0<0055>0] TJ
1 0 0 -1 104 438.59625 Tm
[<0039>0<004c>0<0051>0<0057>0<0044>0<004a>0<0048>0<0003>0<002b>0<0058>0<0051>0<0057>0<0048>0<0055>0] TJ
1 0 0 -1 104 476.59625 Tm
[<0029>0<0058>0<0055>0<0051>0<004c>0<0057>0<0058>0<0055>20<0048>0<0003>0<002e>0<004c>0<0051>0<004a>0] TJ
1 0 0 -1 104 514.59625 Tm
[<0037>69<0052>20<005c>0<0003>0<0028>0<005b>0<0053>0<0048>0<0055>0<0057>0] TJ
1 0 0 -1 104 552.59625 Tm
[<0028>0<0056>0<0057>0<0044>0<0057>0<0048>0<0003>0<0028>0<005b>0<0053>0<004f>0<0052>0<0055>20<0048>0<0055>0] TJ
1 0 0 -1 104 590.59625 Tm
[<0014>0<0013>0<0013>0<0003>0<0036>0<0044>0<004f>0<0048>0<0056>0<0003>0<0039>0<004c>0<0056>0<004c>0<0057>0<0048>0<0047>0] TJ
1 0 0 -1 104 628.59625 Tm
[<0014>0<0013>0<0013>0<0003>0<0029>0<004c>0<0051>0<0047>0<0056>0<0003>0<0038>0<0053>0<004f>0<0052>0<0044>0<0047>0<0048>0<0047>0] TJ
[<0037>69<0052>0<0053>0<0003>0<0014>0<0013>0<0003>0<003a>20<0048>0<0048>0<004e>0<004f>0<005c>0] TJ
[<0033>0<0048>0<0055>0<0049>0<0048>0<0046>0<0057>0<0003>0<0037>49<0055>20<0048>0<0044>0<0056>0<0058>0<0055>20<0048>0<0003>0<0036>0<0046>0<0052>0<0055>20<0048>0] TJ
1 0 0 -1 104 770.423887 Tm
[<0036>0<0057>0<0055>20<0048>0<0044>0<004e>0<0056>0] TJ
1 0 0 -1 104 805.53625 Tm
[<0026>0<0052>0<0051>0<0056>0<0048>0<0046>0<0058>0<0057>0<004c>0<0059>0<0048>0<0003>0<005a>0<0048>0<0048>0<004e>0<0048>0<0051>0<0047>0<0056>0<0003>0<004b>0<0058>0<0051>0<0057>0<004c>0<0051>0<004a>0<0011>0] TJ
1 0 0 -1 104 843.53625 Tm
1 0 0 -1 104 881.53625 Tm
[<0015>0<0003>0<003a>20<0048>0<0048>0<004e>0<0003>0<0036>0<0057>0<0055>20<0048>0<0044>0<004e>0] TJ
1 0 0 -1 104 919.53625 Tm
[<0014>0<0013>0<0003>0<003a>20<0048>0<0048>0<004e>0<0003>0<0036>0<0057>0<0055>20<0048>0<0044>0<004e>0] TJ
[<001c>0] TJ
712 172 m
104 172 l
104 173 l
712 173 l
104 173 608 0 re
104 172 608 1 re
712 777.08 m
104 777.08 l
104 778.08 l
712 778.08 l
104 778.08 608 0 re
104 777.08 608 1 re
[<0015>0<0018>0<0003>0<003a>20<0048>0<0048>0<004e>0<0003>0<0036>0<0057>0<0055>20<0048>0<0044>0<004e>0] TJ
[<002f>0<0052>0<0051>0<004a>0<0048>0<0055>0<0003>0<0056>0<0057>0<0055>20<0048>0<0044>0<004e>0<0056>0<0003>0<0058>0<0051>0<004f>0<0052>0<0046>0<004e>0<0003>0<0048>20<005b>20<0046>0<004f>0<0058>0<0056>0<004c>0<0059>0<0048>0<0003>0<0045>0<0044>0<0047>0<004a>0<0048>0<0056>0<0011>0] TJ
1 0 0 -1 104 220.312012 Tm
[<001c>0<0011>0<0003>0<0026>0<0052>0<0050>0<0050>0<0058>0<0051>0<004c>0<0057>0<005c>0<0003>0<002c>0<0051>0<0057>0<0048>0<004f>0<004f>0<004c>0<004a>0<0048>0<0051>0<0046>0<0048>0] TJ
1 0 0 -1 104 258.73625 Tm
[<0038>0<0056>0<0048>0<0055>0<0056>0<0003>0<0046>0<0044>0<0051>0<0003>0<0055>20<0048>0<0053>0<0052>0<0055>0<0057>0<001d>0] TJ
1 0 0 -1 104 296.73625 Tm
[<003a>20<0052>0<0055>0<0057>0<004b>0<0003>0<0057>0<004b>0<0048>0<0003>0<0036>0<0057>0<0052>0<0053>0] TJ
1 0 0 -1 104 334.73625 Tm
[<002b>0<004c>0<0047>0<0047>0<0048>0<0051>0<0003>0<002a>0<0048>0<0050>0] TJ
1 0 0 -1 104 372.73625 Tm
[<0033>0<004c>0<0046>0<004e>0<0048>0<0047>0<0003>0<0032>0<0059>0<0048>0<0055>0] TJ
1 0 0 -1 104 410.73625 Tm
[<0030>0<0052>0<0056>0<0057>0<004f>0<005c>0<0003>0<0029>0<0058>0<0055>0<0051>0<004c>0<0057>0<0058>0<0055>20<0048>0] TJ
1 0 0 -1 104 448.73625 Tm
[<0030>0<0052>0<0056>0<0057>0<004f>0<005c>0<0003>0<0025>0<0044>0<0045>20<005c>0<0003>0<002c>0<0057>0<0048>0<0050>0<0056>0] TJ
1 0 0 -1 104 486.73625 Tm
[<0030>0<0052>0<0056>0<0057>0<004f>0<005c>0<0003>0<0037>69<0052>0<0052>0<004f>0<0056>0] TJ
1 0 0 -1 104 524.73625 Tm
[<0030>0<0052>0<0056>0<0057>0<004f>0<005c>0<0003>0<0026>0<0052>0<004f>0<004f>0<0048>0<0046>0<0057>0<004c>0<0045>0<004f>0<0048>0<0056>0] TJ
1 0 0 -1 104 562.73625 Tm
[<0030>0<0052>0<0056>0<0057>0<004f>0<005c>0<0003>0<0028>0<004f>0<0048>0<0046>0<0057>0<0055>20<0052>0<0051>0<004c>0<0046>0<0056>0] TJ
1 0 0 -1 104 600.73625 Tm
[<0026>0<0055>20<0052>20<005a>0<0047>0<0048>0<0047>0] TJ
1 0 0 -1 104 638.73625 Tm
[<0028>0<0044>0<0056>0<005c>0<0003>0<0033>0<0044>0<0055>0<004e>0<004c>0<0051>0<004a>0] TJ
1 0 0 -1 104 676.73625 Tm
[<0026>0<0044>0<0056>0<004b>0<0003>0<0032>0<0051>0<004f>0<005c>0] TJ
1 0 0 -1 104 714.73625 Tm
[<0024>0<0046>0<0046>0<0048>0<0053>0<0057>0<0056>0<0003>0<0039>20<0048>0<0051>0<0050>0<0052>0] TJ
1 0 0 -1 104 752.73625 Tm
[<0028>0<0059>0<0048>0<0055>0<005c>0<0003>0<0055>20<0048>0<0053>0<0052>0<0055>0<0057>0<0003>0<004c>0<0050>0<0053>0<0055>20<0052>20<0059>0<0048>0<0056>0<0003>0<0055>20<0048>0<0046>0<0052>0<0050>0<0050>0<0048>0<0051>0<0047>0<0044>0<0057>0<004c>0<0052>0<0051>0<0056>0<0011>0] TJ
1 0 0 -1 104 825.392012 Tm
[<0014>0<0013>0<0011>0<0003>0<002f>0<004c>0<0059>0<0048>0<0003>0<0036>0<0044>0<004f>0<0048>0<0003>0<002c>0<0051>0<0057>0<0048>0<004f>0<004f>0<004c>0<004a>0<0048>0<0051>0<0046>0<0048>0] TJ
1 0 0 -1 104 863.81625 Tm
[<0035>0<0048>0<0044>0<004f>0<0010>0<0057>0<004c>0<0050>0<0048>0<0003>0<0058>0<0053>0<0047>0<0044>0<0057>0<0048>0<0056>0<0003>0<004c>0<0051>0<0046>0<004f>0<0058>0<0047>0<0048>0<001d>0] TJ
1 0 0 -1 104 901.81625 Tm
[<0026>0<0058>0<0055>0<0055>20<0048>0<0051>0<0057>0<0003>0<0053>0<0052>0<0053>0<0058>0<004f>0<0044>0<0055>0<004c>0<0057>0<005c>0] TJ
1 0 0 -1 104 939.81625 Tm
[<0035>0<0048>0<0046>0<0048>0<0051>0<0057>0<0003>0<0059>0<004c>0<0056>0<004c>0<0057>0<0052>0<0055>0<0056>0] TJ
1 0 0 -1 401.135742 1012.65625 Tm
[<0014>0<0013>0] TJ
712 815.08 m
104 815.08 l
104 816.08 l
712 816.08 l
104 816.08 608 0 re
104 815.08 608 1 re
[<0035>0<0048>0<0053>0<0052>0<0055>0<0057>0<0048>0<0047>0<0003>0<0046>0<0044>0<0057>0<0048>0<004a>0<0052>0<0055>0<004c>0<0048>0<0056>0] TJ
[<0035>0<0048>0<0053>0<0052>0<0055>0<0057>0<0048>0<0047>0<0003>0<0057>0<0055>20<0048>0<0044>0<0056>0<0058>0<0055>20<0048>0<0056>0] TJ
[<0026>0<0055>20<0052>20<005a>0<0047>0<0003>0<004f>0<0048>20<0059>0<0048>0<004f>0] TJ
[<0028>0<0056>0<0057>0<004c>0<0050>0<0044>0<0057>0<0048>0<0047>0<0003>0<0055>20<0048>0<0050>0<0044>0<004c>0<0051>0<004c>0<0051>0<004a>0<0003>0<004c>0<0051>0<0059>0<0048>0<0051>0<0057>0<0052>0<0055>0<005c>0] TJ
1 0 0 -1 104 296.312012 Tm
[<0014>0<0014>0<0011>0<0003>0<0037>50<0055>20<0048>0<0044>0<0056>0<0058>0<0055>20<0048>0<0003>0<0024>0<004f>0<0048>0<0055>0<0057>0<0056>0] TJ
[<0038>0<0056>0<0048>0<0055>0<0056>0<0003>0<0056>0<0058>0<0045>0<0056>0<0046>0<0055>0<004c>0<0045>0<0048>0<0003>0<0057>0<0052>0<0003>0<0046>0<0044>0<0057>0<0048>0<004a>0<0052>0<0055>0<004c>0<0048>0<0056>0<0011>0] TJ
[<0027>0<0048>0<003a>20<0044>0<004f>0<0057>0] TJ
[<0030>0<004c>0<004f>0<005a>0<0044>0<0058>0<004e>0<0048>0<0048>0] TJ
[<0036>0<0051>0<0044>0<0053>0<0010>0<0032>0<0051>0] TJ
[<0033>0<0052>0<004e>0<00ab>0<0050>0<0052>0<0051>0] TJ
[<0039>0<004c>0<0051>0<0057>0<0044>0<004a>0<0048>0<0003>0<0037>69<0052>20<005c>0<0056>0] TJ
[<002f>0<0048>0<004a>0<0052>0] TJ
[<0024>0<0053>0<0053>0<004f>0<0048>0] TJ
[<0039>0<004c>0<0051>0<005c>0<004f>0] TJ
[<003a>0<004b>0<0048>0<0051>0<0003>0<0046>0<0052>0<0050>0<0050>0<0058>0<0051>0<004c>0<0057>0<005c>0<0003>0<0055>20<0048>0<0053>0<0052>0<0055>0<0057>0<0056>0<0003>0<0050>0<0044>0<0057>0<0046>0<004b>0<001d>0] TJ
[<0033>0<0058>0<0056>0<004b>0<0003>0<0031>0<0052>0<0057>0<004c>0<07af>0<0046>0<0044>0<0057>0<004c>0<0052>0<0051>0<001d>0] TJ
1 0 0 -1 104 790.73625 Tm
[<0005>0<0030>0<004c>0<004f>0<005a>0<0044>0<0058>0<004e>0<0048>0<0048>0<0003>0<0057>0<0052>0<0052>0<004f>0<0056>0<0003>0<0055>20<0048>0<0053>0<0052>0<0055>0<0057>0<0048>0<0047>0<0003>0<0014>0<0011>0<001b>0<0003>0<0050>0<004c>0<004f>0<0048>0<0056>0<0003>0<0044>0<005a>0<0044>0<005c>40<0011>0<0005>0] TJ
1 0 0 -1 104 863.392012 Tm
[<0014>0<0015>0<0011>0<0003>0<002f>0<0048>0<0044>0<0047>0<0048>0<0055>0<0045>0<0052>0<0044>0<0055>20<0047>0<0056>0] TJ
[<003a>20<0048>0<0048>0<004e>0<004f>0<005c>0] TJ
[<0030>0<0052>0<0051>0<0057>0<004b>0<004f>0<005c>0] TJ
[<0014>0<0014>0] TJ
712 476 m
104 476 l
104 477 l
712 477 l
104 477 608 0 re
104 476 608 1 re
712 819.02 m
104 819.02 l
104 820.02 l
712 820.02 l
104 820.02 608 0 re
104 819.02 608 1 re
[<0024>0<004f>0<004f>0<0003>0<0037>0<004c>0<0050>0<0048>0] TJ
[<0026>0<0044>0<0057>0<0048>0<004a>0<0052>0<0055>0<004c>0<0048>0<0056>0<001d>0] TJ
[<0030>0<0052>0<0056>0<0057>0<0003>0<003b>0<0033>0] TJ
[<0030>0<0052>0<0056>0<0057>0<0003>0<0037>49<0055>20<0048>0<0044>0<0056>0<0058>0<0055>20<0048>0<0003>0<0039>20<0044>0<004f>0<0058>0<0048>0] TJ
[<0030>0<0052>0<0056>0<0057>0<0003>0<0036>0<0044>0<004f>0<0048>0<0056>0<0003>0<0039>0<004c>0<0056>0<004c>0<0057>0<0048>0<0047>0] TJ
[<002b>0<004c>0<004a>0<004b>0<0048>0<0056>0<0057>0<0003>0<0037>49<0055>20<0048>0<0044>0<0056>0<0058>0<0055>20<0048>0<0003>0<0036>0<0046>0<0052>0<0055>20<0048>0] TJ
[<0030>0<0052>0<0056>0<0057>0<0003>0<002b>0<0048>0<004f>0<0053>0<0049>0<0058>0<004f>0<0003>0<0035>0<0048>0<0053>0<0052>0<0055>0<0057>0<0048>0<0055>0] TJ
[<0037>69<0052>0<0053>0<0003>0<0029>0<004f>0<004c>0<0053>0<0053>0<0048>0<0055>0] TJ
[<0025>0<0048>0<0056>0<0057>0<0003>0<0026>0<0052>0<004f>0<004f>0<0048>0<0046>0<0057>0<0052>0<0055>0] TJ
[<002f>0<0052>0<0046>0<0044>0<004f>0<0003>0<0026>0<004c>0<0057>0<005c>0<0003>0<0026>0<004b>0<0044>0<0050>0<0053>0<004c>0<0052>0<0051>0] TJ
1 0 0 -1 104 524.312012 Tm
[<0014>0<0016>0<0011>0<0003>0<0035>0<0048>20<0059>0<0048>0<0051>0<0058>0<0048>0<0003>0<0030>0<0052>0<0047>0<0048>0<004f>0] TJ
1 0 0 -1 104 569.563887 Tm
[<0029>0<0055>20<0048>0<0048>0<0003>0<0037>0<004c>0<0048>0<0055>0] TJ
1 0 0 -1 104 604.67625 Tm
[<0036>0<0048>0<0044>0<0055>20<0046>0<004b>0<0003>0<0056>0<0044>0<004f>0<0048>0<0056>0] TJ
1 0 0 -1 104 642.67625 Tm
[<0030>0<0044>0<0053>0] TJ
1 0 0 -1 104 680.67625 Tm
[<0025>0<0044>0<0056>0<004c>0<0046>0<0003>0<07af>0<004f>0<0057>0<0048>0<0055>0<0056>0] TJ
1 0 0 -1 104 718.67625 Tm
[<0025>0<0044>0<0056>0<004c>0<0046>0<0003>0<0055>20<0052>0<0058>0<0057>0<0048>0<0056>0] TJ
1 0 0 -1 104 756.67625 Tm
[<0037>49<0055>20<0048>0<0044>0<0056>0<0058>0<0055>20<0048>0<0003>0<0049>0<0048>0<0048>0<0047>0] TJ
1 0 0 -1 104 794.67625 Tm
[<0036>0<0052>0<0046>0<004c>0<0044>0<004f>0<0003>0<0049>0<0048>0<0044>0<0057>0<0058>0<0055>20<0048>0<0056>0] TJ
1 0 0 -1 104 860.503887 Tm
[<0036>0<0044>0<004f>0<0048>0<0036>0<0046>0<0052>0<0058>0<0057>0<0003>0<0033>0<0055>20<0052>0<0003>0<000b>0<0007>0<0017>0<0011>0<001c>0<001c>0<0012>0<0050>0<0052>0<0051>0<0057>0<004b>0<000c>0] TJ
[<0024>0<0047>0<0059>0<0044>0<0051>0<0046>0<0048>0<0047>0<0003>0<07af>0<004f>0<0057>0<0048>0<0055>0<0056>0] TJ
[<0038>0<0051>0<004f>0<004c>0<0050>0<004c>0<0057>0<0048>0<0047>0<0003>0<0056>0<0044>0<0059>0<0048>0<0047>0<0003>0<0056>0<0048>0<0044>0<0055>20<0046>0<004b>0<0048>0<0056>0] TJ
[<0014>0<0015>0] TJ
712 286 m
104 286 l
104 287 l
712 287 l
104 287 608 0 re
104 286 608 1 re
712 690.94 m
104 690.94 l
104 691.94 l
712 691.94 l
104 691.94 608 0 re
104 690.94 608 1 re
[<0037>49<0055>20<0048>0<0044>0<0056>0<0058>0<0055>20<0048>0<0003>0<0044>0<004f>0<0048>0<0055>0<0057>0<0056>0] TJ
[<0033>0<0055>0<004c>0<0052>0<0055>0<004c>0<0057>0<005c>0<0003>0<0051>0<0052>0<0057>0<004c>0<07af>0<0046>0<0044>0<0057>0<004c>0<0052>0<0051>0<0056>0] TJ
[<0024>0<0047>0<0059>0<0044>0<0051>0<0046>0<0048>0<0047>0<0003>0<0055>20<0052>0<0058>0<0057>0<0048>0<0003>0<0053>0<004f>0<0044>0<0051>0<0051>0<004c>0<0051>0<004a>0] TJ
[<0028>0<005b>20<0046>0<004f>0<0058>0<0056>0<004c>0<0059>0<0048>0<0003>0<0045>0<0044>0<0047>0<004a>0<0048>0<0056>0] TJ
1 0 0 -1 104 327.483887 Tm
[<0029>0<004f>0<004c>0<0053>0<0036>0<0046>0<0052>0<0058>0<0057>0<0003>0<0033>0<0055>20<0052>0<0003>0<000b>0<0007>0<001c>0<0011>0<001c>0<001c>0<0012>0<0050>0<0052>0<0051>0<0057>0<004b>0<000c>0] TJ
[<0027>0<0048>0<0056>0<004c>0<004a>0<0051>0<0048>0<0047>0<0003>0<0049>0<0052>0<0055>0<0003>0<0055>20<0048>0<0056>0<0048>0<004f>0<004f>0<0048>0<0055>0<0056>0<0011>0] TJ
[<002c>0<0051>0<0046>0<004f>0<0058>0<0047>0<0048>0<0056>0<001d>0] TJ
[<0028>0<0056>0<0057>0<004c>0<0050>0<0044>0<0057>0<0048>0<0047>0<0003>0<0055>20<0048>0<0056>0<0044>0<004f>0<0048>0<0003>0<0059>0<0044>0<004f>0<0058>0<0048>0] TJ
[<0030>0<0044>0<0055>0<004e>0<0048>0<0057>0<0003>0<0053>0<0055>0<004c>0<0046>0<004c>0<0051>0<004a>0] TJ
[<0035>0<0032>0<002c>0<0003>0<0046>0<0044>0<004f>0<0046>0<0058>0<004f>0<0044>0<0057>0<0052>0<0055>0] TJ
[<0033>0<0055>20<0052>0<07af>0<0057>0<0003>0<0057>0<0055>20<0044>0<0046>0<004e>0<004c>0<0051>0<004a>0] TJ
[<0029>0<004f>0<004c>0<0053>0<0003>0<0044>0<0051>0<0044>0<004f>0<005c>0<0057>0<004c>0<0046>0<0056>0] TJ
[<002b>0<004c>0<0056>0<0057>0<0052>0<0055>0<004c>0<0046>0<0044>0<004f>0<0003>0<0059>0<0044>0<004f>0<0058>0<0048>0<0003>0<0046>0<004b>0<0044>0<0055>0<0057>0<0056>0] TJ
[<002c>0<0051>0<0059>0<0048>0<0051>0<0057>0<0052>0<0055>0<005c>0<0003>0<0050>0<0044>0<0051>0<0044>0<004a>0<0048>0<0050>0<0048>0<0051>0<0057>0] TJ
1 0 0 -1 104 732.423887 Tm
[<0029>0<0048>0<0044>0<0057>0<0058>0<0055>20<0048>0<0047>0<0003>0<002f>0<004c>0<0056>0<0057>0<004c>0<0051>0<004a>0<0056>0] TJ
1 0 0 -1 104 767.53625 Tm
[<002a>0<0044>0<0055>20<0044>0<004a>0<0048>0<0003>0<0036>0<0044>0<004f>0<0048>0] TJ
[<0007>0<0018>0] TJ
[<0028>0<0056>0<0057>0<0044>0<0057>0<0048>0<0003>0<0036>0<0044>0<004f>0<0048>0] TJ
[<0007>0<0014>0<0018>0<0010>0<0007>0<0015>0<0018>0] TJ
[<0033>0<0055>20<0052>0<0049>0<0048>0<0056>0<0056>0<004c>0<0052>0<0051>0<0044>0<004f>0<0003>0<0028>0<0056>0<0057>0<0044>0<0057>0<0048>0<0003>0<0036>0<0044>0<004f>0<0048>0<0003>0<0036>0<0058>0<0045>0<0056>0<0046>0<0055>0<004c>0<0053>0<0057>0<004c>0<0052>0<0051>0] TJ
[<0014>0<0016>0] TJ
712 500.94 m
104 500.94 l
104 501.94 l
712 501.94 l
104 501.94 608 0 re
104 500.94 608 1 re
712 867.88 m
104 867.88 l
104 868.88 l
712 868.88 l
104 868.88 608 0 re
104 867.88 608 1 re
[<0030>0<0052>0<0051>0<0057>0<004b>0<004f>0<005c>0<0003>0<0053>0<004f>0<0044>0<0051>0<0056>0] TJ
[<0039>20<0048>0<0055>0<004c>0<07af>0<0048>0<0047>0<0003>0<0045>0<0044>0<0047>0<004a>0<0048>0] TJ
[<0033>0<0055>0<004c>0<0052>0<0055>0<004c>0<0057>0<005c>0<0003>0<0053>0<004f>0<0044>0<0046>0<0048>0<0050>0<0048>0<0051>0<0057>0] TJ
[<0024>0<0051>0<0044>0<004f>0<005c>0<0057>0<004c>0<0046>0<0056>0] TJ
[<0024>0<0047>0<0059>0<0048>0<0055>0<0057>0<004c>0<0056>0<004c>0<0051>0<004a>0] TJ
[<0036>0<0053>0<0052>0<0051>0<0056>0<0052>0<0055>20<0048>0<0047>0<0003>0<0055>20<0052>0<0058>0<0057>0<0048>0<0056>0] TJ
[<0036>0<0053>0<0052>0<0051>0<0056>0<0052>0<0055>20<0048>0<0047>0<0003>0<0046>0<0044>0<0057>0<0048>0<004a>0<0052>0<0055>0<004c>0<0048>0<0056>0] TJ
[<0036>0<0053>0<0052>0<0051>0<0056>0<0052>0<0055>20<0048>0<0047>0<0003>0<0046>0<004b>0<0044>0<004f>0<004f>0<0048>0<0051>0<004a>0<0048>0<0056>0] TJ
[<002f>0<0052>0<0046>0<0044>0<004f>0<0003>0<0045>0<0058>0<0056>0<004c>0<0051>0<0048>0<0056>0<0056>0<0003>0<0044>0<0047>0<0059>0<0048>0<0055>0<0057>0<004c>0<0056>0<004c>0<0051>0<004a>0] TJ
[<0025>0<0044>0<0051>0<0051>0<0048>0<0055>0<0003>0<0053>0<004f>0<0044>0<0046>0<0048>0<0050>0<0048>0<0051>0<0057>0<0056>0] TJ
1 0 0 -1 104 542.423887 Tm
[<0024>0<07b1>0<004f>0<004c>0<0044>0<0057>0<0048>0<0003>0<0035>0<0048>20<0059>0<0048>0<0051>0<0058>0<0048>0] TJ
1 0 0 -1 104 577.53625 Tm
[<0030>0<0052>20<0059>0<004c>0<0051>0<004a>0<0003>0<0046>0<0052>0<0050>0<0053>0<0044>0<0051>0<004c>0<0048>0<0056>0] TJ
1 0 0 -1 104 615.53625 Tm
[<0036>0<0057>0<0052>0<0055>20<0044>0<004a>0<0048>0<0003>0<0058>0<0051>0<004c>0<0057>0<0056>0] TJ
1 0 0 -1 104 653.53625 Tm
[<0026>0<004f>0<0048>0<0044>0<0051>0<004c>0<0051>0<004a>0<0003>0<0056>0<0048>0<0055>0<0059>0<004c>0<0046>0<0048>0<0056>0] TJ
1 0 0 -1 104 691.53625 Tm
[<0024>0<0053>0<0053>0<0055>20<0044>0<004c>0<0056>0<0048>0<0055>0<0056>0] TJ
1 0 0 -1 104 729.53625 Tm
[<0024>0<0058>0<0046>0<0057>0<004c>0<0052>0<0051>0<0003>0<004b>0<0052>0<0058>0<0056>0<0048>0<0056>0] TJ
[<0036>0<004b>0<004c>0<0053>0<0053>0<004c>0<0051>0<004a>0<0003>0<0056>0<0048>0<0055>0<0059>0<004c>0<0046>0<0048>0<0056>0] TJ
[<0026>0<0052>0<004f>0<004f>0<0048>0<0046>0<0057>0<004c>0<0045>0<004f>0<0048>0<0003>0<004a>0<0055>20<0044>0<0047>0<004c>0<0051>0<004a>0] TJ
[<0035>0<0048>0<0049>0<0048>0<0055>0<0055>20<0044>0<004f>0<0003>0<0046>0<0052>0<0050>0<0050>0<004c>0<0056>0<0056>0<004c>0<0052>0<0051>0<0056>0] TJ
1 0 0 -1 104 916.192012 Tm
[<0014>0<0017>0<0011>0<0003>0<002a>0<0055>20<0052>20<005a>0<0057>0<004b>0<0003>0<0028>0<0051>0<004a>0<004c>0<0051>0<0048>0] TJ
1 0 0 -1 104 954.61625 Tm
[<0028>0<0059>0<0048>0<0055>0<005c>0<0003>0<0044>0<0046>0<0057>0<004c>0<0052>0<0051>0<0003>0<0046>0<0055>20<0048>0<0044>0<0057>0<0048>0<0056>0<0003>0<0059>0<0044>0<004f>0<0058>0<0048>0<0011>0] TJ
[<0014>0<0017>0] TJ
712 823.181152 m
104 823.181152 l
104 824.181152 l
712 824.181152 l
104 824.181152 608 0 re
104 823.181152 608 1 re
[<0038>0<0056>0<0048>0<0055>0<0003>0<0058>0<0053>0<004f>0<0052>0<0044>0<0047>0<0056>0<0003>0<0057>0<0055>20<0048>0<0044>0<0056>0<0058>0<0055>20<0048>0<0011>0] TJ
1 0 0 -1 104 148.231934 Tm
[<031d>] TJ
1 0 0 -1 104 186.231934 Tm
[<0037>49<0055>20<0048>0<0044>0<0056>0<0058>0<0055>20<0048>0<0003>0<0048>0<0051>0<0057>0<0048>0<0055>0<0056>0<0003>0<0047>0<0044>0<0057>0<0044>0<0045>0<0044>0<0056>0<0048>0<0011>0] TJ
1 0 0 -1 104 224.807617 Tm
1 0 0 -1 104 262.807617 Tm
[<0024>0<002c>0<0003>0<004f>0<0048>0<0044>0<0055>0<0051>0<0056>0<0011>0] TJ
1 0 0 -1 104 301.383301 Tm
1 0 0 -1 104 339.383301 Tm
[<0035>0<0048>0<0046>0<0052>0<0050>0<0050>0<0048>0<0051>0<0047>0<0044>0<0057>0<004c>0<0052>0<0051>0<0056>0<0003>0<004c>0<0050>0<0053>0<0055>20<0052>20<0059>0<0048>0<0011>0] TJ
1 0 0 -1 104 377.958984 Tm
1 0 0 -1 104 415.958984 Tm
[<0038>0<0056>0<0048>0<0055>0<0056>0<0003>0<07af>0<0051>0<0047>0<0003>0<0045>0<0048>0<0057>0<0057>0<0048>0<0055>0<0003>0<0056>0<0044>0<004f>0<0048>0<0056>0<0011>0] TJ
1 0 0 -1 104 454.534668 Tm
1 0 0 -1 104 492.534668 Tm
[<0038>0<0056>0<0048>0<0055>0<0056>0<0003>0<0056>0<004b>0<0044>0<0055>20<0048>0<0003>0<07af>0<0051>0<0047>0<0056>0<0011>0] TJ
1 0 0 -1 104 531.110352 Tm
1 0 0 -1 104 569.110352 Tm
[<0029>0<0055>0<004c>0<0048>0<0051>0<0047>0<0056>0<0003>0<004c>0<0051>0<0056>0<0057>0<0044>0<004f>0<004f>0<0003>0<0044>0<0053>0<0053>0<0011>0] TJ
1 0 0 -1 104 607.686035 Tm
1 0 0 -1 104 645.686035 Tm
[<0030>0<0052>0<0055>20<0048>0<0003>0<0056>0<0048>0<004f>0<004f>0<0048>0<0055>0<0056>0<0003>0<004f>0<004c>0<0056>0<0057>0<0003>0<0056>0<0044>0<004f>0<0048>0<0056>0<0011>0] TJ
1 0 0 -1 104 684.261719 Tm
1 0 0 -1 104 722.261719 Tm
[<0030>0<0052>0<0055>20<0048>0<0003>0<0057>0<0055>20<0048>0<0044>0<0056>0<0058>0<0055>20<0048>0<0003>0<0047>0<004c>0<0056>0<0046>0<0052>20<0059>0<0048>0<0055>20<0048>0<0047>0<0011>0] TJ
1 0 0 -1 104 760.837402 Tm
1 0 0 -1 104 798.837402 Tm
[<0035>0<0048>0<0053>0<0048>0<0044>0<0057>0<0011>0] TJ
1 0 0 -1 104 871.493164 Tm
[<0014>0<0018>0<0011>0<0003>0<0039>0<004c>0<0055>20<0044>0<004f>0<0003>0<0029>0<0048>0<0044>0<0057>0<0058>0<0055>20<0048>0<0056>0] TJ
1 0 0 -1 104 909.917402 Tm
[<0037>49<0055>20<0048>0<0044>0<0056>0<0058>0<0055>20<0048>0<0003>0<0026>0<0044>0<0055>20<0047>0<0056>0] TJ
1 0 0 -1 104 947.917402 Tm
[<0024>0<0058>0<0057>0<0052>0<0050>0<0044>0<0057>0<004c>0<0046>0<0044>0<004f>0<004f>0<005c>0<0003>0<004a>0<0048>0<0051>0<0048>0<0055>20<0044>0<0057>0<0048>0<0003>0<0056>0<004b>0<0044>0<0055>20<0048>0<0044>0<0045>0<004f>0<0048>0<0003>0<004a>0<0055>20<0044>0<0053>0<004b>0<004c>0<0046>0<0056>0<0003>0<0056>0<004b>0<0052>20<005a>0<004c>0<0051>0<004a>0<001d>0] TJ
[<0014>0<0018>0] TJ
712 324 m
104 324 l
104 325 l
712 325 l
104 325 608 0 re
104 324 608 1 re
712 877 m
104 877 l
104 878 l
712 878 l
104 878 608 0 re
104 877 608 1 re
[<002c>0<0057>0<0048>0<0050>0] TJ
[<0033>0<0055>0<004c>0<0046>0<0048>0<0003>0<0033>0<0044>0<004c>0<0047>0] TJ
[<0028>0<0056>0<0057>0<004c>0<0050>0<0044>0<0057>0<0048>0<0047>0<0003>0<0039>20<0044>0<004f>0<0058>0<0048>0] TJ
[<0037>49<0055>20<0048>0<0044>0<0056>0<0058>0<0055>20<0048>0<0003>0<0036>0<0046>0<0052>0<0055>20<0048>0] TJ
[<0029>0<0052>0<0058>0<0051>0<0047>0<0003>0<0059>0<004c>0<0044>0<0003>0<0036>0<0044>0<004f>0<0048>0<0036>0<0046>0<0052>0<0058>0<0057>0] TJ
[<0033>0<0048>0<0055>0<0049>0<0048>0<0046>0<0057>0<0003>0<0049>0<0052>0<0055>0<0003>0<0029>0<0044>0<0046>0<0048>0<0045>0<0052>0<0052>0<004e>0<000f>0<0003>0<002c>0<0051>0<0056>0<0057>0<0044>0<004a>0<0055>20<0044>0<0050>0<000f>0<0003>0<0037>0<004c>0<004e>0<0037>69<0052>0<004e>0<000f>0<0003>0<0035>0<0048>0<0047>0<0047>0<004c>0<0057>0<000f>0<0003>0<0044>0<0051>0<0047>0<0003>0<003b>0<0011>0] TJ
1 0 0 -1 104 358.65625 Tm
[<0035>0<0048>0<0049>0<0048>0<0055>0<0055>20<0044>0<004f>0<0003>0<0036>0<005c>0<0056>0<0057>0<0048>0<0050>0] TJ
1 0 0 -1 104 396.65625 Tm
[<0036>0<0046>0<0052>0<0058>0<0057>0<0003>0<0036>0<0054>0<0058>0<0044>0<0047>0] TJ
1 0 0 -1 104 434.65625 Tm
[<002c>0<0051>0<0059>0<004c>0<0057>0<0048>0<0003>0<0049>0<0055>0<004c>0<0048>0<0051>0<0047>0<0056>0<0011>0] TJ
1 0 0 -1 104 472.65625 Tm
[<0035>0<0048>20<005a>0<0044>0<0055>20<0047>0<0056>0<001d>0] TJ
1 0 0 -1 104 510.65625 Tm
[<0014>0<0003>0<0029>0<0055>0<004c>0<0048>0<0051>0<0047>0] TJ
1 0 0 -1 104 548.65625 Tm
[<0014>0<0013>0<0013>0<0003>0<003b>0<0033>0] TJ
1 0 0 -1 104 586.65625 Tm
[<0018>0<0003>0<0029>0<0055>0<004c>0<0048>0<0051>0<0047>0<0056>0] TJ
1 0 0 -1 104 624.65625 Tm
[<0028>0<005b>20<0046>0<004f>0<0058>0<0056>0<004c>0<0059>0<0048>0<0003>0<0025>0<0044>0<0047>0<004a>0<0048>0] TJ
1 0 0 -1 104 662.65625 Tm
[<0014>0<0013>0<0003>0<0029>0<0055>0<004c>0<0048>0<0051>0<0047>0<0056>0] TJ
1 0 0 -1 104 700.65625 Tm
[<0029>0<0055>20<0048>0<0048>0<0003>0<0033>0<0055>20<0052>0<0003>0<0030>0<0052>0<0051>0<0057>0<004b>0] TJ
1 0 0 -1 104 738.65625 Tm
[<0015>0<0018>0<0003>0<0029>0<0055>0<004c>0<0048>0<0051>0<0047>0<0056>0] TJ
1 0 0 -1 104 776.65625 Tm
[<0028>0<004f>0<004c>0<0057>0<0048>0<0003>0<0036>0<0057>0<0044>0<0057>0<0058>0<0056>0] TJ
1 0 0 -1 104 814.65625 Tm
[<0014>0<0013>0<0013>0<0003>0<0029>0<0055>0<004c>0<0048>0<0051>0<0047>0<0056>0] TJ
1 0 0 -1 104 852.65625 Tm
[<0029>0<0052>0<0058>0<0051>0<0047>0<004c>0<0051>0<004a>0<0003>0<0036>0<0046>0<0052>0<0058>0<0057>0<0003>0<0025>0<0044>0<0047>0<004a>0<0048>0] TJ
[<0014>0<0019>0] TJ
712 335.18 m
104 335.18 l
104 336.18 l
712 336.18 l
104 336.18 608 0 re
104 335.18 608 1 re
712 543.28 m
104 543.28 l
104 544.28 l
712 544.28 l
104 544.28 608 0 re
104 543.28 608 1 re
712 751.38 m
104 751.38 l
104 752.38 l
712 752.38 l
104 752.38 608 0 re
104 751.38 608 1 re
1 0 0 -1 104 123.312012 Tm
[<0014>0<0019>0<0011>0<0003>0<0036>0<0058>0<0046>0<0046>0<0048>0<0056>0<0056>0<0003>0<0030>0<0048>0<0057>0<0055>0<004c>0<0046>0<0056>0] TJ
1 0 0 -1 104 164.057266 Tm
[<003c>49<0048>0<0044>0<0055>0<0003>0<0032>0<0051>0<0048>0] TJ
1 0 0 -1 104 196.83625 Tm
[<0018>0<000f>0<0013>0<0013>0<0013>0<0003>0<0058>0<0056>0<0048>0<0055>0<0056>0] TJ
1 0 0 -1 104 234.83625 Tm
[<0018>0<0013>0<0013>0<0003>0<0050>0<0052>0<0051>0<0057>0<004b>0<004f>0<005c>0<0003>0<004f>0<004c>0<0056>0<0057>0<004c>0<0051>0<004a>0<0056>0] TJ
1 0 0 -1 104 272.83625 Tm
[<0014>0<000f>0<0013>0<0013>0<0013>0<0003>0<0050>0<0052>0<0051>0<0057>0<004b>0<004f>0<005c>0<0003>0<0044>0<0046>0<0057>0<004c>0<0059>0<0048>0<0003>0<0058>0<0056>0<0048>0<0055>0<0056>0] TJ
1 0 0 -1 104 310.83625 Tm
[<002e>0<0044>0<0051>0<0056>0<0044>0<0056>0<0003>0<0026>0<004c>0<0057>0<005c>0<0003>0<0050>0<0044>0<0055>0<004e>0<0048>0<0057>0<0003>0<0059>0<0044>0<004f>0<004c>0<0047>0<0044>0<0057>0<004c>0<0052>0<0051>0] TJ
1 0 0 -1 104 372.157266 Tm
[<003c>49<0048>0<0044>0<0055>0<0003>0<0037>20<005a>0<0052>0] TJ
1 0 0 -1 104 404.93625 Tm
[<0015>0<0018>0<000f>0<0013>0<0013>0<0013>0<0003>0<0058>0<0056>0<0048>0<0055>0<0056>0] TJ
1 0 0 -1 104 442.93625 Tm
[<0028>0<005b>0<0053>0<0044>0<0051>0<0047>0<0003>0<004c>0<0051>0<0057>0<0052>0<0003>0<0050>0<0058>0<004f>0<0057>0<004c>0<0053>0<004f>0<0048>0<0003>0<0050>0<0048>0<0057>0<0055>20<0052>0<0003>0<0044>0<0055>20<0048>0<0044>0<0056>0] TJ
1 0 0 -1 104 480.93625 Tm
[<002f>0<0044>0<0058>0<0051>0<0046>0<004b>0<0003>0<0044>0<0047>0<0059>0<0048>0<0055>0<0057>0<004c>0<0056>0<004c>0<0051>0<004a>0<0003>0<0053>0<004f>0<0044>0<0057>0<0049>0<0052>0<0055>0<0050>0] TJ
1 0 0 -1 104 518.93625 Tm
[<002f>0<0044>0<0058>0<0051>0<0046>0<004b>0<0003>0<0033>0<0055>20<0052>0<0003>0<0056>0<0058>0<0045>0<0056>0<0046>0<0055>0<004c>0<0053>0<0057>0<004c>0<0052>0<0051>0<0056>0] TJ
1 0 0 -1 104 580.257266 Tm
[<003c>49<0048>0<0044>0<0055>0<0003>0<0037>0<004b>0<0055>20<0048>0<0048>0] TJ
1 0 0 -1 104 613.03625 Tm
[<0014>0<0013>0<0013>0<000f>0<0013>0<0013>0<0013>0<000e>0<0003>0<0058>0<0056>0<0048>0<0055>0<0056>0] TJ
1 0 0 -1 104 651.03625 Tm
[<0031>0<0044>0<0057>0<004c>0<0052>0<0051>0<005a>0<004c>0<0047>0<0048>0<0003>0<0048>20<005b>0<0053>0<0044>0<0051>0<0056>0<004c>0<0052>0<0051>0] TJ
1 0 0 -1 104 689.03625 Tm
[<0032>0<0051>0<0048>0<0003>0<0050>0<004c>0<004f>0<004f>0<004c>0<0052>0<0051>0<0003>0<0057>0<0055>20<0048>0<0044>0<0056>0<0058>0<0055>20<0048>0<0003>0<0058>0<0053>0<004f>0<0052>0<0044>0<0047>0<0056>0] TJ
1 0 0 -1 104 727.03625 Tm
[<002f>0<0044>0<0055>10<004a>0<0048>0<0056>0<0057>0<0003>0<0046>0<0052>0<0050>0<0050>0<0058>0<0051>0<004c>0<0057>0<005c>0<0010>0<004a>0<0048>0<0051>0<0048>0<0055>20<0044>0<0057>0<0048>0<0047>0<0003>0<004a>0<0044>0<0055>20<0044>0<004a>0<0048>0<0003>0<0056>0<0044>0<004f>0<0048>0<0003>0<0047>0<0044>0<0057>0<0044>0<0056>0<0048>0<0057>0<0003>0<004c>0<0051>0<0003>0<0057>0<004b>0<0048>0<0003>0<0038>0<0051>0<004c>0<0057>0<0048>0<0047>0<0003>0<0036>0<0057>0<0044>0<0057>0<0048>0<0056>0] TJ
1 0 0 -1 104 799.692012 Tm
[<0014>0<001a>0<0011>0<0003>0<0037>70<0048>0<0046>0<004b>0<0051>0<004c>0<0046>0<0044>0<004f>0<0003>0<0024>0<0055>20<0046>0<004b>0<004c>0<0057>0<0048>0<0046>0<0057>0<0058>0<0055>20<0048>0] TJ
1 0 0 -1 104 838.11625 Tm
[<0029>0<0055>20<0052>0<0051>0<0057>0<0048>0<0051>0<0047>0] TJ
1 0 0 -1 144 876.11625 Tm
[<0035>0<0048>0<0044>0<0046>0<0057>0<0003>0<0031>0<0044>0<0057>0<004c>0<0059>0<0048>0<0003>0<000b>0<0028>0<005b>0<0053>0<0052>0<000c>0] TJ
1 0 0 -1 144 894.11625 Tm
[<0037>20<005c>0<0053>0<0048>0<0036>0<0046>0<0055>0<004c>0<0053>0<0057>0] TJ
1 0 0 -1 136.368164 876.11625 Tm
1 0 0 -1 136.368164 894.11625 Tm
[<0014>0<001a>0] TJ
712 810 m
104 810 l
104 811 l
712 811 l
104 811 608 0 re
104 810 608 1 re
[<0025>0<0044>0<0046>0<004e>0<0048>0<0051>0<0047>0] TJ
[<0036>0<0058>0<0053>0<0044>0<0045>0<0044>0<0056>0<0048>0] TJ
[<0033>0<0052>0<0056>0<0057>0<004a>0<0055>20<0048>0<0036>0<0034>0<002f>0] TJ
[<0028>0<0047>0<004a>0<0048>0<0003>0<0029>0<0058>0<0051>0<0046>0<0057>0<004c>0<0052>0<0051>0<0056>0] TJ
1 0 0 -1 104 213.65625 Tm
[<0024>0<0058>0<0057>0<004b>0<0048>0<0051>0<0057>0<004c>0<0046>0<0044>0<0057>0<004c>0<0052>0<0051>0] TJ
1 0 0 -1 144 251.65625 Tm
[<0036>0<0058>0<0053>0<0044>0<0045>0<0044>0<0056>0<0048>0<0003>0<0024>0<0058>0<0057>0<004b>0] TJ
1 0 0 -1 144 269.65625 Tm
[<002a>0<0052>0<0052>0<004a>0<004f>0<0048>0<0003>0<0036>0<004c>0<004a>0<0051>0<0010>0<002c>0<0051>0] TJ
1 0 0 -1 144 287.65625 Tm
[<0024>0<0053>0<0053>0<004f>0<0048>0<0003>0<0036>0<004c>0<004a>0<0051>0<0010>0<002c>0<0051>0] TJ
1 0 0 -1 104 317.65625 Tm
[<0036>0<0057>0<0052>0<0055>20<0044>0<004a>0<0048>0] TJ
1 0 0 -1 144 355.65625 Tm
[<0036>0<0058>0<0053>0<0044>0<0045>0<0044>0<0056>0<0048>0<0003>0<0036>0<0057>0<0052>0<0055>20<0044>0<004a>0<0048>0] TJ
[<0030>0<0044>0<0053>0<0056>0] TJ
1 0 0 -1 144 423.65625 Tm
[<002a>0<0052>0<0052>0<004a>0<004f>0<0048>0<0003>0<0030>0<0044>0<0053>0<0056>0<0003>0<0024>0<0033>0<002c>0] TJ
1 0 0 -1 144 441.65625 Tm
[<0030>0<0044>0<0053>0<0045>0<0052>20<005b>0<0003>0<000b>0<0049>0<0058>0<0057>0<0058>0<0055>20<0048>0<0003>0<0048>20<0059>0<0044>0<004f>0<0058>0<0044>0<0057>0<004c>0<0052>0<0051>0<000c>0] TJ
1 0 0 -1 104 471.65625 Tm
[<0031>0<0052>0<0057>0<004c>0<07af>0<0046>0<0044>0<0057>0<004c>0<0052>0<0051>0<0056>0] TJ
1 0 0 -1 144 509.65625 Tm
[<0029>0<004c>0<0055>20<0048>0<0045>0<0044>0<0056>0<0048>0<0003>0<0026>0<004f>0<0052>0<0058>0<0047>0<0003>0<0030>0<0048>0<0056>0<0056>0<0044>0<004a>0<004c>0<0051>0<004a>0] TJ
1 0 0 -1 144 527.65625 Tm
[<0024>0<0053>0<0053>0<004f>0<0048>0<0003>0<0033>0<0058>0<0056>0<004b>0<0003>0<0031>0<0052>0<0057>0<004c>0<07af>0<0046>0<0044>0<0057>0<004c>0<0052>0<0051>0<0056>0] TJ
1 0 0 -1 104 557.65625 Tm
[<0024>0<002c>0<0003>0<0036>0<0048>0<0055>0<0059>0<004c>0<0046>0<0048>0<0056>0] TJ
1 0 0 -1 144 595.65625 Tm
[<0032>0<0053>0<0048>0<0051>0<0024>0<002c>0] TJ
1 0 0 -1 144 613.65625 Tm
[<0039>0<004c>0<0056>0<004c>0<0052>0<0051>0<0003>0<0024>0<002c>0] TJ
1 0 0 -1 144 631.65625 Tm
[<002c>0<0050>0<0044>0<004a>0<0048>0<0003>0<0035>0<0048>0<0046>0<0052>0<004a>0<0051>0<004c>0<0057>0<004c>0<0052>0<0051>0] TJ
1 0 0 -1 104 661.65625 Tm
[<0033>0<0044>0<005c>0<0050>0<0048>0<0051>0<0057>0<0056>0] TJ
1 0 0 -1 144 699.65625 Tm
[<0036>0<0057>0<0055>0<004c>0<0053>0<0048>0] TJ
1 0 0 -1 104 729.65625 Tm
1 0 0 -1 144 767.65625 Tm
[<0033>0<0052>0<0056>0<0057>0<002b>0<0052>0<004a>0] TJ
1 0 0 -1 144 785.65625 Tm
[<0036>0<0058>0<0053>0<0044>0<0045>0<0044>0<0056>0<0048>0<0003>0<0024>0<0051>0<0044>0<004f>0<005c>0<0057>0<004c>0<0046>0<0056>0] TJ
1 0 0 -1 104 858.312012 Tm
[<0014>0<001b>0<0011>0<0003>0<0030>0<0039>0<0033>0<0003>0<000b>0<0033>0<004b>0<0044>0<0056>0<0048>0<0003>0<0014>0<000c>0] TJ
1 0 0 -1 104 896.73625 Tm
[<0030>0<0058>0<0056>0<0057>0<0003>0<002b>0<0044>0<0059>0<0048>0] TJ
1 0 0 -1 144 934.73625 Tm
[<0038>0<0056>0<0048>0<0055>0<0003>0<0044>0<0058>0<0057>0<004b>0<0048>0<0051>0<0057>0<004c>0<0046>0<0044>0<0057>0<004c>0<0052>0<0051>0] TJ
1 0 0 -1 144 952.73625 Tm
1 0 0 -1 136.368164 251.65625 Tm
1 0 0 -1 136.368164 269.65625 Tm
1 0 0 -1 136.368164 287.65625 Tm
1 0 0 -1 136.368164 355.65625 Tm
1 0 0 -1 136.368164 423.65625 Tm
1 0 0 -1 136.368164 441.65625 Tm
1 0 0 -1 136.368164 509.65625 Tm
1 0 0 -1 136.368164 527.65625 Tm
1 0 0 -1 136.368164 595.65625 Tm
1 0 0 -1 136.368164 613.65625 Tm
1 0 0 -1 136.368164 631.65625 Tm
1 0 0 -1 136.368164 699.65625 Tm
1 0 0 -1 136.368164 767.65625 Tm
1 0 0 -1 136.368164 785.65625 Tm
1 0 0 -1 136.368164 934.73625 Tm
1 0 0 -1 136.368164 952.73625 Tm
[<0014>0<001b>0] TJ
712 278 m
104 278 l
104 279 l
712 279 l
104 279 608 0 re
104 278 608 1 re
712 569.08 m
104 569.08 l
104 570.08 l
712 570.08 l
104 570.08 608 0 re
104 569.08 608 1 re
712 824.16 m
104 824.16 l
104 825.16 l
712 825.16 l
104 825.16 608 0 re
104 824.16 608 1 re
[<002a>0<0044>0<0055>20<0044>0<004a>0<0048>0<0003>0<0056>0<0044>0<004f>0<0048>0<0003>0<004f>0<004c>0<0056>0<0057>0<004c>0<0051>0<004a>0<0056>0] TJ
[<0026>0<0055>20<0048>0<0044>0<0057>0<0048>0<0012>0<0048>0<0047>0<004c>0<0057>0<0003>0<004f>0<004c>0<0056>0<0057>0<004c>0<0051>0<004a>0<0056>0] TJ
[<0033>0<004b>0<0052>0<0057>0<0052>0<0003>0<0058>0<0053>0<004f>0<0052>0<0044>0<0047>0<0056>0] TJ
[<0025>0<0044>0<0056>0<004c>0<0046>0<0003>0<0024>0<002c>0<0003>0<0047>0<0048>0<0056>0<0046>0<0055>0<004c>0<0053>0<0057>0<004c>0<0052>0<0051>0<0003>0<004a>0<0048>0<0051>0<0048>0<0055>20<0044>0<0057>0<004c>0<0052>0<0051>0] TJ
[<0036>0<0048>0<0044>0<0055>20<0046>0<004b>0<0003>0<0044>0<0051>0<0047>0<0003>0<07af>0<004f>0<0057>0<0048>0<0055>0<0056>0] TJ
1 0 0 -1 144 199.65625 Tm
1 0 0 -1 144 217.65625 Tm
[<0005>0<0033>0<004f>0<0044>0<0051>0<0003>0<0030>0<005c>0<0003>0<0036>0<0044>0<0057>0<0058>0<0055>20<0047>0<0044>0<005c>-40<0005>0<0003>0<0055>20<0052>0<0058>0<0057>0<0048>0<0003>0<0053>0<004f>0<0044>0<0051>0<0051>0<0048>0<0055>0] TJ
1 0 0 -1 144 235.65625 Tm
[<0036>0<0048>0<004f>0<004f>0<0048>0<0055>0<0003>0<0047>0<0044>0<0056>0<004b>0<0045>0<0052>0<0044>0<0055>20<0047>0] TJ
1 0 0 -1 144 253.65625 Tm
[<0029>0<0048>0<0044>0<0057>0<0058>0<0055>20<0048>0<0047>0<0003>0<004f>0<004c>0<0056>0<0057>0<004c>0<0051>0<004a>0<0003>0<0053>0<0044>0<005c>0<0050>0<0048>0<0051>0<0057>0<0056>0] TJ
1 0 0 -1 104 326.312012 Tm
[<0014>0<001c>0<0011>0<0003>0<0033>0<004b>0<0044>0<0056>0<0048>0<0003>0<0015>0] TJ
1 0 0 -1 144 364.73625 Tm
1 0 0 -1 144 382.73625 Tm
1 0 0 -1 144 400.73625 Tm
1 0 0 -1 144 418.73625 Tm
1 0 0 -1 144 436.73625 Tm
1 0 0 -1 144 454.73625 Tm
[<0026>0<004b>0<0048>0<0046>0<004e>0<0010>0<004c>0<0051>0<0056>0] TJ
1 0 0 -1 144 472.73625 Tm
[<002f>0<004c>0<0059>0<0048>0<0003>0<0055>20<0048>0<0053>0<0052>0<0055>0<0057>0<0056>0] TJ
1 0 0 -1 144 490.73625 Tm
[<0026>0<0052>0<0050>0<0050>0<0058>0<0051>0<004c>0<0057>0<005c>0<0003>0<0055>20<0044>0<0057>0<004c>0<0051>0<004a>0<0056>0] TJ
1 0 0 -1 144 508.73625 Tm
[<0037>49<0055>20<0048>0<0044>0<0056>0<0058>0<0055>20<0048>0<0003>0<0058>0<0053>0<004f>0<0052>0<0044>0<0047>0<0056>0] TJ
1 0 0 -1 144 526.73625 Tm
[<002f>0<0048>0<0044>0<0047>0<0048>0<0055>0<0045>0<0052>0<0044>0<0055>20<0047>0<0056>0] TJ
1 0 0 -1 144 544.73625 Tm
[<0035>0<0048>0<0049>0<0048>0<0055>0<0055>20<0044>0<004f>0<0003>0<0056>0<005c>0<0056>0<0057>0<0048>0<0050>0] TJ
1 0 0 -1 104 617.392012 Tm
[<0015>0<0013>0<0011>0<0003>0<0033>0<004b>0<0044>0<0056>0<0048>0<0003>0<0016>0] TJ
1 0 0 -1 144 655.81625 Tm
[<0024>0<002c>0<0003>0<0057>0<0055>20<0048>0<0044>0<0056>0<0058>0<0055>20<0048>0<0003>0<0059>0<0044>0<004f>0<0058>0<0044>0<0057>0<004c>0<0052>0<0051>0] TJ
1 0 0 -1 144 673.81625 Tm
1 0 0 -1 144 691.81625 Tm
[<0029>0<004f>0<004c>0<0053>0<0036>0<0046>0<0052>0<0058>0<0057>0<0003>0<0033>0<0055>20<0052>0] TJ
1 0 0 -1 144 709.81625 Tm
1 0 0 -1 144 727.81625 Tm
[<002b>0<0048>0<0044>0<0057>0<0003>0<0050>0<0044>0<0053>0<0056>0] TJ
1 0 0 -1 144 745.81625 Tm
[<0033>0<0055>20<0048>0<0047>0<004c>0<0046>0<0057>0<004c>0<0059>0<0048>0<0003>0<0056>0<0044>0<004f>0<0048>0<0003>0<0056>0<0046>0<0052>0<0055>0<004c>0<0051>0<004a>0] TJ
1 0 0 -1 144 763.81625 Tm
[<002f>0<0052>0<0046>0<0044>0<004f>0<0003>0<0044>0<0047>0<0059>0<0048>0<0055>0<0057>0<004c>0<0056>0<004c>0<0051>0<004a>0<0003>0<0050>0<0044>0<0055>0<004e>0<0048>0<0057>0<0053>0<004f>0<0044>0<0046>0<0048>0] TJ
1 0 0 -1 144 781.81625 Tm
[<0024>0<07b1>0<004f>0<004c>0<0044>0<0057>0<0048>0<0003>0<0050>0<0044>0<0055>0<004e>0<0048>0<0057>0<0053>0<004f>0<0044>0<0046>0<0048>0] TJ
1 0 0 -1 144 799.81625 Tm
[<0028>0<0056>0<0057>0<0044>0<0057>0<0048>0<0003>0<0056>0<0044>0<004f>0<0048>0<0003>0<0045>0<0058>0<0056>0<004c>0<0051>0<0048>0<0056>0<0056>0<0003>0<0047>0<0044>0<0056>0<004b>0<0045>0<0052>0<0044>0<0055>20<0047>0] TJ
1 0 0 -1 104 872.472012 Tm
[<0015>0<0014>0<0011>0<0003>0<0031>0<0052>0<0055>0<0057>0<004b>0<0003>0<0036>0<0057>0<0044>0<0055>0<0003>0<0039>0<004c>0<0056>0<004c>0<0052>0<0051>0] TJ
1 0 0 -1 104 910.89625 Tm
[<0028>0<0059>0<0048>0<0055>0<005c>0<0003>0<005a>0<0048>0<0048>0<004e>0<0048>0<0051>0<0047>0<000f>0<0003>0<0057>0<0055>20<0048>0<0044>0<0056>0<0058>0<0055>20<0048>0<0003>0<004b>0<0058>0<0051>0<0057>0<0048>0<0055>0<0056>0<0003>0<0052>0<0053>0<0048>0<0051>0<0003>0<0036>0<0044>0<004f>0<0048>0<0036>0<0046>0<0052>0<0058>0<0057>0<0003>0<0045>0<0048>0<0049>0<0052>0<0055>20<0048>0<0003>0<0057>0<004b>0<0048>20<005c>0<0003>0<004f>0<0048>0<0044>0<0059>0<0048>0<0003>0<0057>0<004b>0<0048>0<0003>0<004b>0<0052>0<0058>0<0056>0<0048>0<000f>0<0003>0<0058>0<0056>0<0048>0<0003>0<004c>0<0057>0<0003>0<005a>0<004b>0<004c>0<004f>0<0048>0<0003>0<0057>0<004b>0<0048>20<005c>0<0003>0<0044>0<0055>20<0048>0<0003>0<004b>0<0058>0<0051>0<0057>0<004c>0<0051>0<004a>0<000f>0] TJ
1 0 0 -1 104 928.89625 Tm
[<0044>0<0051>0<0047>0<0003>0<0056>0<004b>0<0044>0<0055>20<0048>0<0003>0<0057>0<004b>0<0048>0<004c>0<0055>0<0003>0<0045>0<0048>0<0056>0<0057>0<0003>0<07af>0<0051>0<0047>0<0056>0<0003>0<005a>0<004b>0<0048>0<0051>0<0003>0<0057>0<004b>0<0048>20<005c>0<0003>0<004a>0<0048>0<0057>0<0003>0<004b>0<0052>0<0050>0<0048>0<0011>0] TJ
1 0 0 -1 136.368164 199.65625 Tm
1 0 0 -1 136.368164 217.65625 Tm
1 0 0 -1 136.368164 235.65625 Tm
1 0 0 -1 136.368164 253.65625 Tm
1 0 0 -1 136.368164 364.73625 Tm
1 0 0 -1 136.368164 382.73625 Tm
1 0 0 -1 136.368164 400.73625 Tm
1 0 0 -1 136.368164 418.73625 Tm
1 0 0 -1 136.368164 436.73625 Tm
1 0 0 -1 136.368164 454.73625 Tm
1 0 0 -1 136.368164 472.73625 Tm
1 0 0 -1 136.368164 490.73625 Tm
1 0 0 -1 136.368164 508.73625 Tm
1 0 0 -1 136.368164 526.73625 Tm
1 0 0 -1 136.368164 544.73625 Tm
1 0 0 -1 136.368164 655.81625 Tm
1 0 0 -1 136.368164 673.81625 Tm
1 0 0 -1 136.368164 691.81625 Tm
1 0 0 -1 136.368164 709.81625 Tm
1 0 0 -1 136.368164 727.81625 Tm
1 0 0 -1 136.368164 745.81625 Tm
1 0 0 -1 136.368164 763.81625 Tm
1 0 0 -1 136.368164 781.81625 Tm
1 0 0 -1 136.368164 799.81625 Tm
[<0014>0<001c>0] TJ
[<0037>0<004b>0<0048>0<0003>0<004b>0<0044>0<0045>0<004c>0<0057>0<0003>0<004f>0<0052>0<0052>0<0053>0<0003>0<004c>0<0056>0<001d>0] TJ
1 0 0 -1 104 148.202148 Tm
[<0033>0<004f>0<0044>0<0051>0<0003>0] TJ
[<031c>] TJ
[<0003>0<002b>0<0058>0<0051>0<0057>0<0003>0] TJ
[<0003>0<0036>0<004b>0<0044>0<0055>19<0048>0<0003>0] TJ
[<0003>0<0026>0<0052>0<0050>0<0053>0<0048>0<0057>0<0048>0<0003>0] TJ
[<0003>0<0035>0<0048>0<0053>0<0048>0<0044>0<0057>0] TJ
1 0 0 -1 104 186.202148 Tm
[<0028>0<0059>0<0048>0<0055>0<005c>0<0003>0<0058>0<0056>0<0048>0<0055>0<0003>0<004c>0<0051>0<0057>0<0048>0<0055>20<0044>0<0046>0<0057>0<004c>0<0052>0<0051>0<0003>0<0046>0<0055>20<0048>0<0044>0<0057>0<0048>0<0056>0<0003>0<0050>0<0052>0<0055>20<0048>0<0003>0<0047>0<0044>0<0057>0<0044>0<000f>0<0003>0<0045>0<0048>0<0057>0<0057>0<0048>0<0055>0<0003>0<0055>20<0048>0<0046>0<0052>0<0050>0<0050>0<0048>0<0051>0<0047>0<0044>0<0057>0<004c>0<0052>0<0051>0<0056>0<000f>0<0003>0<0056>0<0057>0<0055>20<0052>0<0051>0<004a>0<0048>0<0055>0<0003>0<0046>0<0052>0<0050>0<0050>0<0058>0<0051>0<004c>0<0057>0<005c>0<0003>0<0048>0<0051>0<004a>0<0044>0<004a>0<0048>0<0050>0<0048>0<0051>0<0057>0<000f>0<0003>0<0044>0<0051>0<0047>0] TJ
1 0 0 -1 104 204.202148 Tm
[<004c>0<0051>0<0046>0<0055>20<0048>0<0044>0<0056>0<004c>0<0051>0<004a>0<0003>0<0051>0<0048>0<0057>0<005a>0<0052>0<0055>0<004e>0<0003>0<0048>0<07ae>0<0048>0<0046>0<0057>0<0056>0<000f>0<0003>0<0050>0<0044>0<004e>0<004c>0<0051>0<004a>0<0003>0<0036>0<0044>0<004f>0<0048>0<0036>0<0046>0<0052>0<0058>0<0057>0<0003>0<0057>0<004b>0<0048>0<0003>0<0050>0<0052>0<0056>0<0057>0<0003>0<0059>0<0044>0<004f>0<0058>0<0044>0<0045>0<004f>0<0048>0<0003>0<0044>0<0051>0<0047>0<0003>0<0047>0<0048>0<0049>0<0048>0<0051>0<0056>0<004c>0<0045>0<004f>0<0048>0<0003>0<0057>0<0055>20<0048>0<0044>0<0056>0<0058>0<0055>20<0048>0<0003>0<004b>0<0058>0<0051>0<0057>0<004c>0<0051>0<004a>0<0003>0<0053>0<004f>0<0044>0<0057>0<0049>0<0052>0<0055>0<0050>0] TJ
1 0 0 -1 104 222.202148 Tm
[<004c>0<0051>0<0003>0<0057>0<004b>0<0048>0<0003>0<0050>0<0044>0<0055>0<004e>0<0048>0<0057>0<0011>0] TJ
[<0015>0<0013>0] TJ
    name#¿<o  CP  èpostÿ 2  E8        ±±_<õ è    ÜÐ?    æk4ÿÀÿðý            -þÛ  7ÿÀÿÓð               ²   ² 6  B                 f¼   X   KX  ^ 2H     @           GOOG   û-þÛ  -%       "Ê     X ^                      < +            S (S                  9 < $< ;< &< &< < 1< #< < #<   9                        ²    Z} :ä Z0 Z% ZÔ :ý Z           5 Z¯ Z- Z :t Z     Z' .C               p                               *y N -y -O - y - N1 H1ÿÀl N1 NÖ N Nk -y Ny -Æ Nñ -²  K9  X      9                                                                                                                                                                                                                                                                                                                                                                                                                                                                                                                                                                                                                                                                                                                                                                                                                                                                                                                                                                                                                                                                                                                                                                                                                                                                                                                                                                                                                                                                                                                                                                                                                                                                                                                                                      è (                                                                                                                                                                                                                                                                                                                                                                                                                                                                                                                                                                                                                                                                                                                                                                                                                                                                                                                                                                                                                                                                                                                                                                                                                                                                                                                                                                                                                                                                                                                                                                                                                                                                                                                                                                                                                                                                                                                                                                                                                                                                                                                                                                                                                                                                                                                                                                                                                                                                                                                                                                                                                                                                                                                                                                                                                                                                                                                                                                                                                                                                                                                                                                                                                                                                                                                                                                                                                                                                                                                                                                                                                                                                                                                                                                                                                                                                                                                                                                                                                                                                                                                                                                                                                                                                                                                                                                                                                                                                                                                                                                                                                                                                                                                                                                                                                                                                                                                                                                                                                                                                                                                                                                                                                                                                                                                                                                                                                                                                                                                                                                                                                                                                                                                                                                                                                                                                                                                                                                                                                                                ´     7                          $ 
 . A L R V Y a y ûûÿÿÿãÿãÿãÿãÿãÿãÿãÿãÿãÿãÿãáî ® ®                                                G G G G a | | | | |  ¢ Ì åRx¨êüMµµµµµµµÙ 9Xn´Ëãããò;h±íþþ33333333n£Ì 0W¶Ó".b ¯á6r¼×   E E E E E E E E E E E E E E E E E E E E E E E E E E E E E E E E E E E E E E E E E E E E E E E E E E E E E E E E E E E E E E E E E E E E E E E E E E E E E E E E E E E E E E E E E E E E E E E E E E E E E E E E E E E E E E E E E E E E E E E E E E E E E E E E E E E E E E E E E E E E E E E E E E E E E E E E E E E E E E E E E E E E E E E E E E E E E E E E E E E E E E E E E E E E E E E E E E E E E E E E E E E E E E E E E E E E E E E E E E E E E E E E E E E E E E E E E E E E E E E E E E E E E E E E E E E E E E E E E E E E E E E E E E E E E E E E E E E E E E E E E E E E E E E E E E E E E E E E E E E E E E E E E E E E E E E E E E E E E E E E E E E E E E E E E E E E E E E E E E E E E E E E E E E E E E E E E E E E E E E E E E E E E E E E E E E E E E E E E E E E E E E E E E E E E E E E E E E E E E E E E E E E E E E E E E E E E E E E E E E E E E Q Q Q Q Q Q Q Q Q Q Q Q Q Q Q Q Q Q Q Q Q Q Q Q Q Q Q Q Q Q Q Q Q Q Q Q Q Q Q Q Q Q Q Q Q Q Q Q Q Q Q Q Q Q Q Q Q Q Q Q Q Q Q Q Q Q Q Q Q Q Q Q Q Q Q Q Q Q Q Q Q Q Q Q Q Q Q Q Q Q Q Q Q Q Q Q Q Q Q Q Q Q Q Q Q Q Q Q Q Q Q Q Q Q Q Q Q Q Q Q Q Q Q Q Q Q Q Q Q Q Q Q Q Q Q Q Q Q Q Q Q Q Q Q Q Q Q Q Q Q Q Q Q Q Q Q Q Q Q Q Q Q Q Q Q Q Q Q Q Q Q Q Q Q Q Q Q Q Q Q Q Q Q Q Q Q Q Q Q Q Q Q Q Q Q Q Q Q Q Q Q Q Q Q Q Q Q Q Q Q Q Q Q Q Q Q Q Q Q Q Q Q Q Q Q Q Q Q Q Q Q Q Q Q Q Q Q Q Q Q Q Q Q Q Q Q Q Q Q Q Q Q Q Q Q Q Q Q Q Q Q Q Q Q Q Q Q Q Q Q Q Q Q Q Q Q Q Q Q Q Q Q Q Q Q Q Q Q Q Q Q Q Q Q Q Q Q Q Q Q Q Q Q Q Q Q Q Q Q Q Q Q Q Q Q Q Q Q Q Q Q Q Q Q Q Q Q Q Q Q Q Q Q Q Q Q Q Q Q Q Q Q Q Q Q Q Q Q Q Q Q Q Q Q Q Q Q Q Q Q Q Q Q Q Q Q Q Q Q Q Q Q Q Q Q Q Q Q Q Q Q Q Q Q Q Q Q Q Q Q Q Q Q Q Q Q Q Q Q Q Q Q Q Q Q Q Q Q Q Q Q Q Q Q Q Q Q Q Q Q Q Q Q Q Q Q Q Q Q Q Q Q Q Q Q Q Q Q Q Q Q Q Q Q Q Q Q Q Q Q Q Q Q Q Q Q Q Q Q Q Q Q Q Q Q Q Q Q Q Q Q Q Q Q Q Q Q Q Q Q Q Q Q Q Q Q Q Q Q Q Q Q Q Q Q Q Q Q Q Q Q Q Q Q Q Q Q Q Q Q Q Q Q Q Q Q Q Q Q Q Q Q Q Q Q Q Q Q Q Q Q Q Q Q Q Q Q Q Q Q Q Q Q Q Q Q Q Q Q Q Q Q Q Q Q Q Q Q Q Q Q Q Q Q Q Q Q Q Q Q Q Q Q Q Q Q Q Q Q Q Q Q Q Q Q Q Q Q Q Q Q Q Q Q Q Q Q Q Q Q Q Q Q Q Q Q Q Q Q Q Q Q Q Q Q Q Q Q Q Q Q Q Q Q Q Q Q Q Q Q Q Q Q Q Q Q Q Q Q Q Q Q Q Q Q Q Q Q Q Q Q Q Q Q Q Q Q Q Q Q Q Q Q Q Q Q Q Q Q Q Q Q Q Q Q Q Q Q Q Q Q Q Q Q Q Q Q Q Q Q Q Q Q Q Q Q Q Q Q Q Q Q Q Q Q Q Q Q Q Q Q Q Q Q Q Q Q Q Q Q Q Q Q Q Q Q Q Q Q Q Q Q Q Q Q Q Q Q Q Q Q Q Q Q Q Q Q Q Q Q Q Q Q Q Q Q Q Q Q Q Q Q Q Q Q Q Q Q Q Q Q Q Q Q Q Q Q Q Q Q Q Q Q Q Q Q Q Q Q Q Q Q Q Q Q Q Q Q Q Q Q Q Q Q Q Q Q Q Q Q Q Q Q Q Q Q Q Q Q Q Q Q Q Q Q Q Q Q Q Q Q Q Q Q Q Q Q Q Q Q Q Q Q Q Q Q Q Q Q Q Q Q Q Q Q Q Q Q Q Q Q Q Q Q Q Q Q Q Q Q Q Q Q Q Q Q Q Q Q Q Q Q Q Q Q Q Q Q Q Q Q Q Q Q Q Q Q Q Q Q Q Q Q Q Q Q Q Q Q Q Q Q Q Q Q Q Q Q Q Q Q Q Q Q Q Q Q Q Q Q Q Q Q Q Q Q Q Q Q Q Q Q Q Q Q Q Q Q Q Q Q Q Q Q Q Q Q Q Q Q Q Q Q Q Q Q Q Q Q Q Q Q Q Q Q Q Q Q Q Q Q Q Q Q Q Q Q Q Q Q Q Q Q Q Q Q Q Q Q Q Q Q Q Q Q Q Q Q Q Q Q Q Q Q Q Q Q Q Q Q Q Q Q Q Q Q Q Q Q Q Q Q Q Q Q Q Q Q Q Q Q Q Q Q Q Q Q Q Q Q Q Q Q Q Q Q Q Q Q Q Q Q Q Q Q Q Q Q Q Q Q Q Q Q Q Q Q Q Q Q Q Q Q Q Q Q Q Q Q Q Q Q Q Q Q Q Q Q Q Q Q Q Q Q Q Q Q Q Q Q Q Q Q Q Q Q Q Q Q Q Q Q Q Q Q Q Q Q Q Q Q Q Q Q Q Q Q Q Q Q Q Q Q Q Q Q Q Q Q Q Q Q Q Q Q Q Q Q Q Q Q Q Q Q Q Q Q Q Q Q Q Q Q Q Q Q Q Q Q Q Q Q Q Q Q Q Q Q Q Q Q Q Q Q Q Q Q Q Q Q Q Q Q Q Q Q Q Q Q Q Q Q Q Q Q Q Q Q Q Q Q Q Q Q Q Q Q Q Q Q Q Q Q Q Q Q Q Q Q Q Q Q Q Q Q Q Q Q Q Q Q Q Q Q Q Q Q Q Q Q Q Q Q Q Q Q Q Q Q Q Q Q Q Q Q Q Q Q Q Q Q Q Q Q Q Q Q Q Q Q Q Q Q Q Q Q Q Q Q Q Q Q Q Q Q Q Q Q Q Q Q Q Q Q Q Q Q Q Q Q Q Q Q Q Q Q Q Q Q Q Q Q Q Q Q Q Q Q Q Q Q Q Q Q Q Q Q Q Q Q Q Q Q Q Q Q Q Q Q Q Q Q Q Q Q Q Q Q Q Q Q Q Q Q Q Q Q Q Q Q Q Q Q Q Q Q Q Q Q Q Q Q Q Q Q Q Q Q Q Q Q Q Q Q Q Q Q Q Q Q Q Q Q Q Q Q Q Q Q Q Q Q Q Q Q Q Q Q Q Q Q Q Q Q Q Q Q Q Q Q Q Q Q Q Q Q Q Q Q Q Q Q Q ] ] m    +ÿÆ÷ " ( .  7&&'55.546753&&'#654&'ýAf*
u]Co[.(Q#6b=jkC?!CB!!(!9F1KYKI
ÿb5Ê    4673#&&(GLzDGGCyLGzã[^âwtáXß  ÿb+Ê    #6654&'3+GLyDFGDzLGyßXátwâ^[ã   9ÿó ä     74632#"&92$#22#$2F.%%.,''     Ê   #þö Êý6Ê   $ÿöÕ     #"&54663232654&#"1mx0n[zþ£*98,,89*es¤XÃ¬t¤XÂ®z{z{z||   ;  Ê    !#467'73!RIæ|T  B[·  &  Ô   !!57>54&#"'>32!þ ³6B/(
Y    +Ê     %##5!533'4667#3+VþÏ9Vé ¬iÍþ?yB9 &Æ   1ÿöÊ   2#"&'532654#"'!#66,Af;8c%%h.CG<<ÿ 'È2`Gt 7:l  l  #ÿöÒ  ,  4>32&&#"36632#"&&2654&#"#-Q}Y8-Ya(K<^npIvF,801!21/>xkS/y8eB#0vltCU=@4<.!?*     Ê   3!5!o þ  þòK_ý  #ÿöÓ  ' 5  2#"&5467&&5466"6654&32654&&''>g?I7&E+?qJxP90C@i;%14#"417688 / .:Ó&L:@S5G0;X0fYJZU@9L&n&#%.-'#&þY'20(
ED[npIvFþþ,801"10=ykS/y9dB#0vltCU<A4<-!@
1  :ÿöZÔ   "3267#"&&546632&&WU^,W3/9nDNl5k11(QVqr}[¥nl¦^{  Z  ªÊ     ##324&##32ªÍ¹Êàp¥[hcQAÛlµ·ÊPwwoþ/  Z  õÊ    !!!!3#!õþeþüòòÊ||¸  Z  óÊ    3#!!3#ïþüòòÊ|¸|   :ÿöÔ    !#"&546632&&#"32675#i8yM ¬W¦x9n-2!T.Ba5&RB -þ¼´p¤Zy<mJFl=   Z  £Ê    !#!#3!3£þå4þÌÊþè     eÊ    !!57'5!eþ»WWEWWV(Î(VV(þ2(   Z  Ê   33!Z"Êý³}   Z  UÊ   !##333#4667#¬Î©³Î¸0P[%þ´ÊýÞ"ý6R"XOýÑ  Z  ÓÊ   !###33&&'3ÓÀþÉ¿63f3þ°Êýé2b1R  :ÿöâÕ    #"&&54663232654&#"âIutIIutIý÷V_aTT``Vfo¥\¦oo¤[[¥oppq   Z  GÊ     2####32654>4yhAÜE2@KÊwh>mBþÊ|Ô39h   Z  Ê    2####32654&*%=#Ò¨ªQÅ.1KAEÊjl1I3þÉþîÊ|Á213+  .ÿöÿÔ (  %#"'532654&&'.54632&&#"ÿ~qY3m68/%>(:5"p8e711N
&, 8L     /Ê   !##5!#mÂÂL~~      Ê   #3>7ó¥òÊý6ÊþW ;AA; ©      pÊ   3#38£íí¤¤&þLþê¹   *ÿö-  &  2#'##"&5467754&#"'6632655.nuh#NDI`zz_-((L&1,kOH8( 0B-_bþJ,(UXWS+(eþÎ0'"94-  NÿöLø  "  36632#"&'##3"32654&ãJ; t^<E rk://>.67G<"/+<øþ½HJOUUPPQ   -ÿöã,   "&546632&&#"3267,z DyO8S,#=t=7/H""K d~<s¥RN   -ÿö+ø  "  "&546323&&553#'#'26754&#"û[st^;LrJ>21B188 ."= ¯ýG"/wIIPTUPPQ   -ÿö$,    2!3267#"&&5466"3&&/qþ G?5V.(Y?R~HAtN+9Ñ2,wH?Hs=|^`@j8;2A    °ý   ###57546632&&#"3|RR/W;,G&(²þN²H((FM  m &"  -ÿ+,  
J*&_iþ?v]Wþÿø  H   êø     2#"&546#!00!"//lø*
"/."Füî[IIPTUP£   N  ±,   2&&#"#3366   &F+qT,<4þê"*<   -ÿöË, (  %#"&'532654&&'.54632&&#"Ëut9R
H%B10/D%¢SY{+=.LLk$ 
  ( ÕÀE   75!(Õppÿÿ   mý & I    L  ÿÿ   ðý & I   ' I    L        Z      ^        ^      p     0 x      ¨     ° Ä     t C o p y r i g h t   2 0 1 5   G o o g l e   L L C .   A l l   R i g h t s   R e s e r v e d . N o t o   S a n s B o l d 2 . 0 0 4 ; G O O G ; N o t o S a n s - B o l d N o t o   S a n s   B o l d V e r s i o n   2 . 0 0 4 ;   t t f a u t o h i n t   ( v 1 . 8 . 3 
@GDEF
lOS/2j
`cmapE-
glyfj
head%>$i
6hhea
$hmtx
fmaxp
name#
Af*)t4M](u]Co[.(Q#6b=jkC?
!CB!!(
9F1KY
#&&(GLzDGGCyLG
+GLyDFGDzLG
#"&92$#22#$2F.%%.,''
z{z{z||
E[@Fe7/Y?\
8K=#+*&#a
3W7;b`:V
YAVY=
dtZ.e+QA
KC67BE
F*qNn
TG>c9'
8c%%h.CG
8eB#0vlt
U=@4<
>g?I7&E+?qJx
P90C@i;%14#"41
&L:@S
5G0;X0fYJZ
U@9L&n&#%.
Y'20(
=ykS/
9dB#0vlt
U<A4<
B3<APcD67H
$D8an
W\U^,W3/\9n
l5k11(Q
x9n-2!T.Ba5&RB -
<mJFl=
EWWV(
V_aTT``V
wh>mB
.1KAE
jl1I3
~qY3m68/%>(
p8e711N)+.DC7M*
!1F1`k
#NDI`zz_-((L&1,kOH8( 0B
J,(UXWS
J;\rt^<E
OUUPPQ
DyO8S
t=7/H""K
[st^;L
1B188
G"/wII
PTUPPQ
G?5V.(Y?R~HAtN+9
@j8;2A
RR/W;,G
H((FM
:c/eps
N1amp
ik976
!00!"//l
H/"!00!"/&
"F*&')*&
?;;]W
B}[QSSQQQQ
~\rv\;F
G!0wHJ
J<\rt]<K
ut9R),f',%
253B vb3\1-(H%B
10/D%
+=.LL
G*1M-GR+_
?2stp
F*&_i
    name%t@L  G    postÿ 2  I          µ§_<õ è    ÜÐ?    æk4  ÿþ             -þÛ  ²  ÿÕ               ²   ² 6  @                 A   X   KX  ^ 2B     @           GOOG@  û-þÛ  -%       Ê     X ^               A    < >? 1     á A, (,     < 2  
  Ht  < 1< Y< 0< -< < ?< 7< ,< 1< 2  H                           ax =Ú a, a aØ =å aS (    k a  a aø a  =] a  =n a% 3,  Û ZX  ¢  J 6                              1 .g Uà 7g 74 7X g 7j U N     U U§ Uj U] 7g Ug 7 Uß 3i j Oü     þ Ö '                                                                                                 (                                                                                                                                                                                                                4 7                                                    < 2                                                                                                                                                                                                                                                                                                                                                                                                                                                                                                                                                                                                                                                                                                                                                                                                                                                                                                                                                                                                                                                                                                                                                                                                                                                                                                                                                                                                                x M                                                                                                                                                                                                                                                                                                                                                                                                                                                                                                                                                                                                                                                                                                                                                                                                                                                                                                                                                                                                                                                                                                                                                                                                                                                                                                                                                                                                                                                                                                                                                                                                                                                                                                                                                                                                                                                                                                                                                                                                                                                                                                                                                                                                                                                                                                                                                                                                                                                                                                                                                                                                                                                                                                                                                                                                                                                                                                                                                                                                                                                                                                                                                                                                                                                                                                                                                                                                                                                                                                                                                                                                                                                                                                                                                                                                                                                                                                                                                                                                                                                                                                                                                                                                                                                                                                                                                                                                                                                                                                                                                                                                                                                                                                                                                                                                                                                                                                                                                                                                                                                                                                                                                                                                                                                                                                                                                                                                                                                                                                                                                                                                                                                                                                                                                                                                                                                                                                                                                                                            ° Z Z ²                           " % 
4 @ P    AÈWÊ    #!# 77Êþþþþ   >ÿÆ÷ " 
BX-h_@63-<@;60A1UÊRGJTXWJ É+?2FW o*!(+þâ+"&'   1ÿöÔ     % /  2#"&546#"32542#"&546"3254ÃJLIMGKFþtMþ&##&MhIMIMGKFL&##&MÔujjwwjju ý6Ê4QPPR¢¡àujjwwjju?PPQQ¢    AÈ  Ê   # 7Êþþ  (ÿbÊ    4673#&&(GLSFGGERLGzã[^âwtß^Xß  ÿbÊ    #6654&'3GLREGGFSLGyßX^ßtwâ^[ã   2 oS    3##5#5353AÇÇHÇÇHGÎÎGÏ   
 å3   753(òåNN   Hÿò Ä y    74632#"&H$%%$6%%$       jÊ   #jþöV Êý6Ê   1ÿö Õ     #"&54663232654&#" 0hVys/hUxvþ~CQPEEPQCfs¥XÃ­t¤WÁ®   Y  cÊ    !#467'73cVL.ÁIó+4>;  0  Ô   !!57>54&#"'6632!þ(»6J&F84O
,&qHpm#HU XG>a6RKBC;KJ=49"<,d     (Î     %##5!533'467#!(hUþªP[h½ Ö ¢¢¢Káþ#á4I!,þÏ  ?ÿöÊ   2#"&'532654&#"'!!66n~7a!$g/OaV]H,fþå:¶ndoSKOFK QPÏ   7ÿö Ô  ,  4>32&&#"36632#"&&2654&#"7Ge3-ER@]r{hDnAò?NEE/F'"D1MyHK.Ph;#1qhpDQUDP'< +U7  ,   Ê   3!5!%þßþÞzPDýz  1ÿö Ô  ( 5  2#"&54667&&5466"6654&32654&''^x%>%,H+ks|
G52%2#>625þ(4EE74EI   2ÿöÔ  ,  #"&'532>7##"&546632'"326654&&Ge5'1F[6SAq9fEDn@ò>OCF0F'"DMyHK .Oi:"1qgKl:ERTEO'< +T8   Hÿò Ä&     4632#"&4632#"&H$%%$$%%$â&&$ þx%%$       ~Í    !'!#3.'3!VþåU[Qþâ QâÝÝÍý3*- ;Ø  a  TÊ   "  2##2654&##32654&#-FB-I* sûÞDS[v_JMcÊOb?S &F8ajÊþÐ;:;3ãKþýJ<8E   =ÿöYÔ   "3267#"&&546632&&s{{/T((U;mIOnqT$!Q   NZ¦pl¥]*L   a  Ê     ##324&##3 Å°ÇÜlV_ua"lµ·ÊPv ýÐ   a  ðÊ    !!!!!!!ðþqþË#þÝ5ÊOßNÿ  a  ðÊ    3#!!!!»ZþË"þÞÊOýO   =ÿöÔ    3#"&&546632&&#"32675#÷:vKoOX¥u<k."&_37v`/Byþ¢Y¥qp¤[NUI Ô  a  Ê    !#!#3!3ZþZZnZMþ³ÊþÒ.  (  *Ê    !!57'5!*þþTTTT4;44ýÅ   a  kÊ   !##366773kjýIZZ>ÁiþåU@þëÊþ "D"ØþÉ  a  óÊ   33!aZ8ÊýP   a  *Ê   !##333#467#ëS ÜàYîri9þOÊý·Iý6·4f ý   a  Ê   !###33.53iþSh}TQ#h7þqÊý±@L   =ÿöÐÕ    #"&&54663232654&#"ÐKloHHpkKýÌryzppyysfo¥\¦on¤[¥o   a  *Ê     2####32654&5}kRZµ[HfdXÊnd;g@þêÊMþæBOED  =ÿVÐÕ     #'"#"&&54663232654&#"Ðig« oHHpkKýÌryzppyysf¸#²¡¦on¤[¥o  a  _Ê    2####32654&& *A$Äi­ZÀfkWPTÊef9L- þÀ'þÙÊNþ÷ECF;   3ÿööÔ 
%W/CDD:?W-¿_jV>5#0
oZ1U%"J'69=33H&NPP+$ (8,DJF#(9   ÿöS   %267#"&&5#57733#* 4*G,LM#4/>C HA8*#r{DþÊ1/   Oÿö   #'##"&533265H abYwYEýèG*']f_þ§d^     ü   333>73ËË^rr^ÌþÄ6126<ýè     "  &&'##33>7336673#¯ `d[J  _`  KZg/
I!Q
^ ñþ    #5>73ñ 29:#" jô99 47ÿÿ 7ÿöþ& H    v ¹    2 y G      "&546325!"&54632!! þþ×ì!! Î "" GGÄ ""    M ñ+é    4632#"&M@//@@//@mD88DB::ÿÿ   Ûý & I    IX  ÿÿ    ý & I    LX  ÿÿ   ý & I    OX  ÿÿ   eý & I   ' IX    L°      Z      ^        ^      p     6 ~     " ´     ° Ö       C o p y r i g h t   2 0 1 5   G o o g l e   L L C .   A l l   R i g h t s   R e s e r v e d . N o t o   S a n s R e g u l a r 2 . 0 0 4 ; G O O G ; N o t o S a n s - R e g u l a r N o t o   S a n s   R e g u l a r V e r s i o n   2 . 0 0 4 ;   t t f a u t o h i n t   ( v 1 . 8 . 3 
`OS/2h
`cmap+-
head%"$j
loca~
name%t@L
7h "j3c\gX@5W$
M(BX-h_@63-<@;60A1
+?2FW
JLIMGKF
&##&M
hIMIMGKFL&##&M
ujjwwjju
4QPPR
ujjwwjju?PPQQ
#&&(GLSFGGERLG
GLREGGFSLG
#"&H$
0hVys/hUxv
~CQPEEPQC
6J&F84O)/*mDdt.R7
6TQ0;=$ ;#1eY8b_6
PDVT:y_8`,-h0`Ui_EFX[F<:R(,&qHpm
XG>a6
KBC;KJ=49"
~7a!$g/OaV]
R@]r{hDnA
?NEE/F'"D
.Ph;#1qhp
^x%>%,H+
ks|)D'4I8`<7G#<$4GF
JMIMRD
XS+@1
5F1Zie[1H4
UB7K(G52%2#
(4EE74E
'1F[6
SA\q9fEDn@
>OCF0F'"D
.Oi:"1qgKl:E
RTEO'< +T8
FB-I*
\DS[v
&F8aj
{{/T((U;m
nqT$!Q
u<k."&_3
7v`/B
ryzppyys
5}kRZ
[HfdX
nd;g@
fkWPT
ef9L-
u<f"$k9PQ
IA[]:gC;b(
%W/CD
D:?W-
!`S9Q,
Z]^aWY
1W`gQ
6,M##N-
L.V&'\,
N.[#%W/
#MDI`~
[:5*L!
#`NdM7+DZ
L,*MRPW
83-*KN0
P?dyzc?P
UBAXHG
,Go?BqH)L
:z_c|:
dxyd>O
P1UEBYGGG
H"0I]^
dkq_`j
YP3O*)P7LuA;kF?I
"<mI5[_
>{YX~DHQHDU
X^^\R 5
Fu{vKOwEO
6phuusCJIFQJL
st"Q*QF
JkcciWa
Y4bbWxZCXX
(#)*]g
[ZWmNCWnQ>XG
I*)Z.,
W`bWxYDXG
kKRQLLRRJ
A{Y_oo__ll
Tcyyd>Q
I#0J\^
ck6]<\n
DWHFG
fiq__k
)H+XH
[/C<
954J(oZ1U%
"J'69
=33H&
(8,DJ
*G,LM#4
8*#r{D
\4abYwYE
G*']f
#"&M@//@@//@
mD88DB::
!æ  X   4head&âè   Ü   6hhearò     $hmtxÐo     xmaxpP   8   name4:     ¶postÿ 2      vheaä5      $vmtxÐ (  0   x    Òzé_<õ è    Ü°Û    æk4 ÿ«ÝH             þà  è  Ý                 P    Ó   X   KX  ^ 2E                          GOOG @!!pÿ          Ý         Z      T         T      t     L        T     d Î     *2 ©   2 0 1 4 - 2 0 2 1   A d o b e   ( h t t p : / / w w w . a d o b e . c o m / 
AdobeIdentityCopyright 2014-2021 Adobe (http://www.adobe.com/
PBASEB
`VORG
4head&
xmaxp
vhea
$vmtx
NotoSansCJKjp-Regular
(AdobeIdentityCopyright 2014-2021 Adobe (http://www.adobe.com/). Noto is a trademark of Google Inc.Noto Sans CJK JP RegularNoto Sans CJK JPNotoSansCJKjp-Regular-DingbatsNotoSansCJKjp-Regular-DingbatsDigitsNotoSansCJKjp-Regular-GenericNotoSansCJKjp-Regular-HangulNotoSansCJKjp-Regular-Proportional
M^LIdX
,cyrl
>grek
>hang
,hani
,kana
,latn
icfbicftideoromn
 Åj            þà  è ( #Å                 P    Ó¼   X   KX  ^ 2E                          GOOG  !!pÿ          Ý         Z      T         T      t     F |     * Â     d ì     $P ©   2 0 1 4 - 2 0 2 1   A d o b e   ( h t t p : / / w w w . a d o b e . c o m / 
http://www.adobe.com/
name
NotoSansCJKjp-Bold
AdobeIdentityCopyright 2014-2021 Adobe (http://www.adobe.com/). Noto is a trademark of Google Inc.Noto Sans CJK JP BoldNoto Sans CJK JPNotoSansCJKjp-Bold-DingbatsNotoSansCJKjp-Bold-DingbatsDigitsNotoSansCJKjp-Bold-GenericNotoSansCJKjp-Bold-HangulNotoSansCJKjp-Bold-Proportional
`lVTfX
Adobe
UCS
12 dict begin
begincmap
<< /Registry (Adobe)
>> def
1 begincodespacerange
<0000> <ffff>
endcodespacerange
63 beginbfchar
<004f> <006c>
<0052> <006f>
<004c> <0069>
<0050> <006d>
<0051> <006e>
<000b> <0028>
<000c> <0029>
<001d> <003a>
<004d> <006a>
<0011> <002e>
<004b> <0068>
<005c> <0079>
<002b> <0048>
<002c> <0049>
<004a> <0067>
<0030> <004d>
<001a> <0037>
<07af> <00660069>
<005a> <0077>
<001b> <0038>
<002a> <0047>
<002f> <004c>
<004e> <006b>
<001c> <0039>
<0012> <002f>
<07b1> <006600660069>
<003c> <0059>
<0032> <004f>
<0031> <004e>
endbfchar
endcmap
79 beginbfchar
<000f> <002c>
<003a> <0057>
<000a> <0027>
<0010> <002d>
<07b0> <0066006c>
<005d> <007a>
<000e> <002b>
<00ab> <00e9>
<020e> <2022>
<005b> <0078>
<003b> <0058>
<00b9> <00f7>
<002e> <004b>
<07ae> <00660066>
1 beginbfchar
<031d> <2193>
<031c> <2192>
 - 2 7 ; @ E J O T Y ^ c h m r w |        ¤ © ® ² · ¼ Á Æ Ë Ð Õ Û à å ë ð ö û %+28>ELRY`gnu|¡©±¹ÁÉÑÙáéòú &/8AKT]gqz¢¬¶ÁËÕàëõ  !-8COZfr~¢®ºÇÓàìù -;HUcq~¨¶ÄÓáðþ +:IXgw¦µÅÕåö'7HYj{¯ÀÑãõ+=Oat¬¿Òåø 2FZnª¾Òçû  % : O d y  ¤ º Ï å û  ' = T j   ® Å Ü ó " 9 Q i   ° È á ù  * C u  § À Ù ó & @ Z t  © Ã Þ ø.Id¶Òî %A^z³Ïì &Ca~¹×õ1OmªÉè&Ed£Ãã#Cc¤Åå'Ij­Îð4Vx½à&Il²ÖúAe®Ò÷@e¯Õú Ek·Ý*QwÅì;c²Ú*R{£ÌõGpÃì@j¾é>i¿ê  A l  Ä ð!!H!u!¡!Î!û"'"U""¯"Ý# #8#f##Â#ð$$M$|$«$Ú% %8%h%%Ç%÷&'&W&&·&è''I'z'«'Ü( (?(q(¢(Ô
UuUÂVVV©V÷WDWWàX/X}XËYYiY¸ZZVZ¦Zõ[E[[åÖ]']x]É^^l^½__a_³``W`ª`üaOa¢aõbIbbðcCccëd@ddée=eeçf=ffèg=ggéh?hhìiCiiñjHjj÷kOk§kÿlWl¯mm`m¹nnknÄooxoÑp+ppàq:qqðrKr¦ss]s¸ttptÌu(u uáv>vvøwVw³xxnxÌy*yyçzFz¥{{c{Â|!||á}A}¡~~b~Â#åG¨ kÍ0ôWºã G «r×;iÎ3þdÊ0ücÊ1ÿfÎ6nÖ?¨zãM¶ ô_É4 uàL¸$ühÕB¯÷dÒ@®ú i Ø¡G¡¶¢&¢££v£æ¤V¤Ç¥8¥©¦¦¦ý§n§à¨R¨Ä©7©©ªª««u«é¬¬Ð­D­¸®-®¡¯¯° °u°ê±`±Ö²K²Â³8³®´%´µµ¶¶y¶ð·h·à¸Y¸Ñ¹J¹Âº;ºµ».»§¼!¼½½¾ ¾¾ÿ¿z¿õÀpÀìÁgÁãÂ_ÂÛÃXÃÔÄQÄÎÅKÅÈÆFÆÃÇAÇ¿È=È¼É:É¹Ê8Ê·Ë6Ë¶Ì5ÌµÍ5ÍµÎ6Î¶Ï7Ï¸Ð9ÐºÑ<Ñ¾Ò?ÒÁÓDÓÆÔIÔËÕNÕÑÖUÖØ××àØdØèÙlÙñÚvÚûÛÜÜÝÝÞÞ¢ß
î´ï@ïÌðXðåñrñÿòóó§ô4ôÂõPõÞömöû÷øø¨ù8ùÇúWúçûwüüý
mntrRGB XYZ
cbXYZ
$bkpt
7chad
,desc
sRGB2014
A l
!H!u!
"'"U"
#8#f#
$M$|$
%8%h%
&'&W&
'I'z'
(?(q(
)8)k)
*5*h*
+6+i+
,9,n,
-A-v-
050l0
2*2c2
4+4e4
676r6
:6:t:
;-;k;
<'<e<
="=a=
?!?a?
@#@d@
A)AjA
B0BrB
C:C}C
F"FgF
G5G{G
J7J}J
L*LrL
N%NnN
P'PqP
R1R|R
U(UuU
X/X}X
]']x]
.IEC 61966-2-1 Default RGB Colour Space - sRGB
CRT desc
-Reference Viewing Condition in IEC 61966-2-1
-text
Copyright International Color Consortium, 2015
<?xpacket begin="" id="W5M0MpCehiHzreSzNTczkc9d"?>
<x:xmpmeta xmlns:x="adobe:ns:meta/">
<rdf:RDF xmlns:dc="http://purl.org/dc/elements/1.1/" xmlns:pdf="http://ns.adobe.com/pdf/1.3/" xmlns:pdfuaid="http://www.aiim.org/pdfua/ns/id/" xmlns:rdf="http://www.w3.org/1999/02/22-rdf-syntax-ns#" xmlns:xmp="http://ns.adobe.com/xap/1.0/"><rdf:Description rdf:about="" pdfuaid:part="1" /><rdf:Description rdf:about="" pdf:Producer="WeasyPrint 68.0" /><rdf:Description rdf:about=""><dc:title><rdf:Alt><rdf:li xml:lang="x-default">SaleScout Product Requirements Document</rdf:li></rdf:Alt></dc:title></rdf:Description><rdf:Description rdf:about=""><dc:creator><rdf:Seq><rdf:li>ChatGPT Canvas</rdf:li></rdf:Seq></dc:creator></rdf:Description><rdf:Description rdf:about=""><xmp:CreatorTool>ChatGPT</xmp:CreatorTool></rdf:Description></rdf:RDF>
</x:xmpmeta>
<?xpacket end="r"?>
WeasyPrint 68.0
SaleScout Product Requirements Document
ChatGPT Canvas
ChatGPT
content
sRGB IEC61966-2.1
SaleScout Product Requirements Document (PRD)
1. Vision
2. Core Problem
3. Solution
4. Product Philosophy
5. Core Product Pillars
6. AI Features
AI Item Recognition
AI Match Score
AI Route Planner
AI Treasure Valuation
7. Social Platform
Treasure Feed
Profiles
Following
8. Gamification
Levels
Badges
Streaks
9. Community Intelligence
10. Live Sale Intelligence
11. Treasure Alerts
12. Leaderboards
13. Revenue Model
Free Tier
SaleScout Pro ($4.99/month)
FlipScout Pro ($9.99/month)
Featured Listings
Advertising
Affiliate Revenue
14. Growth Engine
15. Viral Features
16. Success Metrics
Year One
Year Two
Year Three
17. Technical Architecture
18. MVP (Phase 1)
19. Phase 2
20. Phase 3
21. North Star Vision
Noto Sans
Identity
Noto Sans CJK JP
8  L +ù  L /t  L 2í  L 6  L :B  L =©  L @Þ  L E  L IG  L Os  L L L L L L L L L  L !L "L #L $L %L &L 'L (L 
L
L
L
L
L
L
